task_id,predictive_accuracy,classifier__algorithm,classifier__base_estimator__max_depth,classifier__learning_rate,classifier__n_estimators,imputation__strategy
3.0,0.9974968710888611,SAMME.R,7,1.5940294909769086,159,most_frequent
3.0,0.9974968710888611,SAMME,4,1.5341118149137931,282,median
3.0,0.9974968710888611,SAMME.R,4,1.6259895347105222,312,median
3.0,0.9971839799749687,SAMME,9,0.2855226647033973,111,most_frequent
3.0,0.9971839799749687,SAMME,10,0.135145320514768,317,most_frequent
3.0,0.9971839799749687,SAMME,10,0.031146945054746016,313,median
3.0,0.9971839799749687,SAMME,10,0.040263443407232924,342,most_frequent
3.0,0.9971839799749687,SAMME,10,0.07295505609473144,490,median
3.0,0.9971839799749687,SAMME,8,0.3208057699106632,229,most_frequent
3.0,0.9971839799749687,SAMME,10,0.030672454475205422,383,median
3.0,0.9971839799749687,SAMME.R,8,1.4003485961262099,129,mean
3.0,0.9971839799749687,SAMME,10,0.07271099728975693,135,mean
3.0,0.9971839799749687,SAMME.R,5,1.1148989258239625,199,mean
3.0,0.9971839799749687,SAMME,10,1.6841065187031592,89,most_frequent
3.0,0.9971839799749687,SAMME.R,3,1.153676956647103,494,mean
3.0,0.9971839799749687,SAMME.R,4,0.5171132771912355,132,mean
3.0,0.9971839799749687,SAMME.R,4,1.059449925388973,425,median
3.0,0.9971839799749687,SAMME,9,0.13121968082045643,102,mean
3.0,0.9971839799749687,SAMME.R,3,1.3508885625848155,482,most_frequent
3.0,0.9971839799749687,SAMME,4,1.1614674975155594,388,mean
6.0,0.97485,SAMME,10,0.6312454996783836,333,mean
6.0,0.9748,SAMME,10,0.8897250401148711,500,most_frequent
6.0,0.9748,SAMME,9,0.6778553719817492,381,mean
6.0,0.9747499999999999,SAMME,10,0.5298959982434117,358,most_frequent
6.0,0.9747,SAMME,10,0.6986630100830794,303,most_frequent
6.0,0.97465,SAMME,10,0.3954771005828339,376,mean
6.0,0.97465,SAMME,10,0.659804608236122,469,most_frequent
6.0,0.9745999999999999,SAMME,10,0.4292849698033646,434,most_frequent
6.0,0.97455,SAMME,10,0.41017077331341495,394,median
6.0,0.97455,SAMME,9,0.6629228865889945,442,median
6.0,0.97455,SAMME,10,0.3928985352061182,484,mean
6.0,0.9745,SAMME,10,0.5182087359154484,332,most_frequent
6.0,0.9744499999999999,SAMME,10,0.72413144677151,377,mean
6.0,0.9744499999999999,SAMME,10,0.4466832116605176,497,most_frequent
6.0,0.9743999999999999,SAMME,10,0.3900317904077056,439,median
6.0,0.97435,SAMME,10,0.43388126047667824,335,most_frequent
6.0,0.9743,SAMME,10,0.3859415993026168,264,median
6.0,0.9743,SAMME,10,0.3995784637611569,356,most_frequent
6.0,0.9743,SAMME,10,0.5095240906512972,364,most_frequent
6.0,0.97425,SAMME,10,1.181339932178934,492,most_frequent
11.0,0.9216,SAMME.R,1,0.658772906151692,322,mean
11.0,0.9216,SAMME.R,1,0.17996424980462522,368,most_frequent
11.0,0.9216,SAMME.R,1,0.1017411786538027,253,most_frequent
11.0,0.9216,SAMME.R,1,0.9743265592961255,169,most_frequent
11.0,0.92,SAMME.R,1,0.6373246621761313,344,most_frequent
11.0,0.9184,SAMME.R,1,0.40455963664331873,162,most_frequent
11.0,0.9184,SAMME.R,1,0.43557494142820363,496,median
11.0,0.9168000000000001,SAMME.R,1,0.07807939303494413,251,mean
11.0,0.9168000000000001,SAMME.R,1,0.23911438239721303,464,median
11.0,0.9136,SAMME.R,1,0.07699371993575578,264,median
11.0,0.8992,SAMME.R,2,0.02608180579313698,343,most_frequent
11.0,0.8992,SAMME.R,1,0.19623427978819938,66,mean
11.0,0.8976000000000001,SAMME.R,2,0.7706037294577842,430,mean
11.0,0.8944,SAMME.R,2,0.0660491287842873,202,most_frequent
11.0,0.8928,SAMME.R,2,1.0430103588206605,209,median
11.0,0.8896,SAMME,2,0.2420856654676239,151,median
11.0,0.8896,SAMME.R,2,0.674091722138049,240,median
11.0,0.888,SAMME,2,1.2736674782657946,389,mean
11.0,0.8864,SAMME,1,0.4117197384671029,96,most_frequent
11.0,0.8848,SAMME.R,2,1.1332111570405359,160,most_frequent
12.0,0.978,SAMME.R,10,0.8085437849084398,421,mean
12.0,0.978,SAMME,10,1.4396765675565537,410,most_frequent
12.0,0.9775,SAMME,8,0.700505000785958,442,mean
12.0,0.9775,SAMME.R,6,0.6194791188487068,343,median
12.0,0.9775,SAMME,9,0.38423262322142115,401,most_frequent
12.0,0.9775,SAMME,5,0.7738836908473291,433,most_frequent
12.0,0.977,SAMME,10,0.40512751782867173,292,mean
12.0,0.977,SAMME,9,0.4574985138546725,357,mean
12.0,0.977,SAMME.R,7,0.6856614577869724,456,median
12.0,0.977,SAMME,10,0.48410721738023416,239,mean
12.0,0.977,SAMME,8,0.3592040526760456,293,median
12.0,0.977,SAMME,7,1.6923321792722243,461,most_frequent
12.0,0.977,SAMME,8,0.41856163436880306,357,mean
12.0,0.9765,SAMME,8,0.5833565725677029,237,most_frequent
12.0,0.9765,SAMME,6,0.5989185239578865,401,median
12.0,0.9765,SAMME.R,8,0.8712271797951923,248,most_frequent
12.0,0.976,SAMME.R,7,0.7774958356520323,478,mean
12.0,0.976,SAMME,9,1.3886316154328286,116,most_frequent
12.0,0.976,SAMME.R,9,1.2242923860705455,277,median
12.0,0.9754999999999999,SAMME,5,0.7796185161108767,357,mean
14.0,0.846,SAMME,9,0.45554295865956207,81,mean
14.0,0.8454999999999999,SAMME,8,0.25162760141482127,243,median
14.0,0.8454999999999999,SAMME,8,0.22139630106657948,456,most_frequent
14.0,0.845,SAMME,8,0.04108061974263999,288,most_frequent
14.0,0.845,SAMME,9,0.21671367229064847,232,mean
14.0,0.8445,SAMME,7,0.35281156876546915,381,most_frequent
14.0,0.8445,SAMME,9,0.16022167314799707,404,mean
14.0,0.8440000000000001,SAMME,6,0.18724766923186512,310,median
14.0,0.8440000000000001,SAMME,10,0.16347015317563876,445,most_frequent
14.0,0.8434999999999999,SAMME,10,0.15583878513580768,460,median
14.0,0.8434999999999999,SAMME,6,0.45787529201281446,431,median
14.0,0.843,SAMME,7,0.13153809476477196,199,median
14.0,0.843,SAMME,10,0.09804254551896967,496,most_frequent
14.0,0.843,SAMME,7,0.16891444917820309,349,median
14.0,0.843,SAMME,9,0.5725519766219104,350,mean
14.0,0.843,SAMME,7,0.08096206553999802,317,mean
14.0,0.843,SAMME,7,0.17240873590478162,205,median
14.0,0.8425,SAMME,7,0.06372546736295662,358,most_frequent
14.0,0.8425,SAMME,5,0.8370897248038129,401,median
14.0,0.8425,SAMME,9,0.18743671892377067,277,most_frequent
15.0,0.9656652360515021,SAMME.R,5,1.106324527157148,139,most_frequent
15.0,0.9656652360515021,SAMME,6,0.07388318849670511,305,mean
15.0,0.9656652360515021,SAMME.R,4,0.055816153628749005,204,most_frequent
15.0,0.9656652360515021,SAMME,4,0.9174514820038993,456,median
15.0,0.9656652360515021,SAMME,5,1.3325878110809972,364,mean
15.0,0.9656652360515021,SAMME,4,0.3381780140699998,217,median
15.0,0.9642346208869814,SAMME,3,0.37135435537153305,313,mean
15.0,0.9642346208869814,SAMME,7,1.166971398987607,459,median
15.0,0.9642346208869814,SAMME.R,6,0.012946760656436773,248,most_frequent
15.0,0.9642346208869814,SAMME.R,4,1.3069994374143248,270,most_frequent
15.0,0.9642346208869814,SAMME,6,0.529061319101713,142,mean
15.0,0.9642346208869814,SAMME.R,3,0.9036846697537531,220,most_frequent
15.0,0.9642346208869814,SAMME.R,1,0.6594093081077713,430,most_frequent
15.0,0.9642346208869814,SAMME,5,0.3944825865387677,253,most_frequent
15.0,0.9642346208869814,SAMME.R,5,0.842712929382235,386,mean
15.0,0.9642346208869814,SAMME,4,1.6944504077690243,306,mean
15.0,0.9642346208869814,SAMME,6,0.5525555016775174,483,most_frequent
15.0,0.9642346208869814,SAMME,6,0.046467236342088915,438,most_frequent
15.0,0.9642346208869814,SAMME.R,5,0.0101893138436967,79,median
15.0,0.9642346208869814,SAMME,6,0.38480028484023693,242,mean
16.0,0.9704999999999999,SAMME,9,0.6819538795504309,164,mean
16.0,0.97,SAMME,7,1.3251805513245434,193,most_frequent
16.0,0.97,SAMME,7,0.9725766561490735,448,most_frequent
16.0,0.97,SAMME.R,9,1.2431060524552986,271,mean
16.0,0.97,SAMME,7,0.9821312068208394,398,most_frequent
16.0,0.9695,SAMME,5,1.1062772239054153,369,median
16.0,0.9695,SAMME,7,1.9784130977393335,305,most_frequent
16.0,0.9695,SAMME,7,0.9042942428132364,315,most_frequent
16.0,0.9695,SAMME,10,0.5253769001634362,316,mean
16.0,0.9690000000000001,SAMME,8,0.5923669501569594,228,median
16.0,0.9690000000000001,SAMME,9,0.5701884615600528,370,most_frequent
16.0,0.9690000000000001,SAMME.R,10,0.8290215510639779,446,mean
16.0,0.9684999999999999,SAMME,9,0.48689173031931426,186,mean
16.0,0.9684999999999999,SAMME,6,0.9658029993084444,278,median
16.0,0.9684999999999999,SAMME,10,1.4859631114202492,295,median
16.0,0.9684999999999999,SAMME.R,7,0.5744881750102044,278,most_frequent
16.0,0.9684999999999999,SAMME,8,0.3506845958902976,285,mean
16.0,0.968,SAMME,10,1.6679459095949283,263,mean
16.0,0.968,SAMME.R,9,1.0913887869837295,382,mean
16.0,0.968,SAMME,10,0.386626543362605,323,mean
18.0,0.718,SAMME,6,0.024627905519784953,134,mean
18.0,0.718,SAMME.R,5,0.9796376303113002,456,mean
18.0,0.7175,SAMME,4,0.08847997188154906,76,median
18.0,0.7175,SAMME,7,0.01091073453944594,50,most_frequent
18.0,0.7170000000000001,SAMME,6,0.015353680880406435,120,most_frequent
18.0,0.7165,SAMME,4,0.15617907556790983,152,most_frequent
18.0,0.7165,SAMME.R,7,1.3818096649602476,376,most_frequent
18.0,0.7165,SAMME.R,9,1.9036754518458963,134,mean
18.0,0.716,SAMME.R,8,1.713307557549251,482,mean
18.0,0.7155,SAMME.R,6,0.8653993666355088,381,most_frequent
18.0,0.715,SAMME,4,0.011221267498501901,233,mean
18.0,0.715,SAMME,4,0.04637350215973177,53,most_frequent
18.0,0.715,SAMME,5,0.04684886847425965,376,mean
18.0,0.7145,SAMME.R,10,1.9903549480734384,464,most_frequent
18.0,0.7145,SAMME.R,8,1.8334922151719932,319,median
18.0,0.7140000000000001,SAMME,5,0.07768369034091681,365,mean
18.0,0.7134999999999999,SAMME.R,9,1.0407594359406942,98,median
18.0,0.7134999999999999,SAMME,4,0.06468188311957444,489,mean
18.0,0.713,SAMME,4,0.025121094897880253,141,median
18.0,0.713,SAMME,4,0.0358506739229234,285,median
22.0,0.7995,SAMME.R,10,1.8152709868379677,144,mean
22.0,0.7995,SAMME,5,0.24641763189833732,418,mean
22.0,0.7995,SAMME,10,0.772548885971076,191,median
22.0,0.799,SAMME,5,0.6516598816326757,321,median
22.0,0.7985,SAMME,10,0.47634614370229017,452,most_frequent
22.0,0.7985,SAMME,3,0.945018910571315,386,mean
22.0,0.7979999999999999,SAMME,4,0.7449549442893028,133,median
22.0,0.7979999999999999,SAMME,5,0.4624967215146771,146,most_frequent
22.0,0.7979999999999999,SAMME,7,0.8351647160847738,206,median
22.0,0.7979999999999999,SAMME,10,1.2633260298744227,441,most_frequent
22.0,0.7975,SAMME,5,1.6308089943628392,351,median
22.0,0.7975,SAMME.R,10,1.9703822619494382,383,most_frequent
22.0,0.7975,SAMME,4,0.2762318939779034,292,median
22.0,0.7965000000000001,SAMME,6,1.0709088445682842,434,most_frequent
22.0,0.7965000000000001,SAMME,4,1.7427185450494402,433,mean
22.0,0.7965000000000001,SAMME,3,1.9666903555895323,343,median
22.0,0.7959999999999999,SAMME,9,1.5959664653070151,296,mean
22.0,0.7955,SAMME,4,1.6655602691110165,137,median
22.0,0.795,SAMME,5,0.38985721857995076,200,most_frequent
22.0,0.795,SAMME,6,1.0981040629564658,423,median
23.0,0.5621181262729125,SAMME,5,0.015764077975515656,128,most_frequent
23.0,0.5621181262729125,SAMME.R,1,0.029290408246212454,337,most_frequent
23.0,0.5621181262729125,SAMME.R,1,0.07034675140748978,103,mean
23.0,0.5607603530210455,SAMME,5,0.01600941198955073,313,most_frequent
23.0,0.5607603530210455,SAMME,4,0.1689461804829682,146,median
23.0,0.5607603530210455,SAMME,5,0.05383644987800712,78,most_frequent
23.0,0.5607603530210455,SAMME.R,3,0.022041711207662146,63,median
23.0,0.560081466395112,SAMME.R,1,0.023163826160062597,417,most_frequent
23.0,0.560081466395112,SAMME.R,1,0.05672641897546644,222,mean
23.0,0.560081466395112,SAMME,4,0.14156226677234476,174,median
23.0,0.560081466395112,SAMME,6,0.011030654310760717,253,median
23.0,0.5594025797691785,SAMME.R,3,0.011882606092298579,489,median
23.0,0.5587236931432451,SAMME,4,0.048369594604672876,247,mean
23.0,0.5587236931432451,SAMME,5,0.029943932483627304,498,median
23.0,0.5587236931432451,SAMME,5,0.015878583788511598,378,most_frequent
23.0,0.5587236931432451,SAMME.R,1,0.017831136173534105,436,median
23.0,0.5587236931432451,SAMME.R,1,0.04160321419072358,410,mean
23.0,0.5587236931432451,SAMME,4,0.17058864130810159,403,median
23.0,0.5580448065173116,SAMME,6,0.029677709520918496,60,median
23.0,0.5580448065173116,SAMME,6,0.015643373980409058,493,median
28.0,0.9871886120996441,SAMME,7,1.1329503105132326,293,median
28.0,0.9871886120996441,SAMME,9,1.0576666545387818,99,mean
28.0,0.9870106761565836,SAMME,8,1.883532787978551,477,most_frequent
28.0,0.9870106761565836,SAMME,9,0.5522079570162124,431,most_frequent
28.0,0.9870106761565836,SAMME,10,1.6380580449015183,490,most_frequent
28.0,0.9868327402135232,SAMME.R,9,1.298215966497948,462,median
28.0,0.9868327402135232,SAMME,7,1.8150669523370913,322,mean
28.0,0.9868327402135232,SAMME,7,0.8079700713079262,166,mean
28.0,0.9868327402135232,SAMME,10,0.9260501857342699,125,most_frequent
28.0,0.9868327402135232,SAMME.R,10,1.1207480548479625,230,median
28.0,0.9866548042704626,SAMME,8,1.0003106998976792,249,median
28.0,0.9866548042704626,SAMME,9,0.4831161034256997,174,median
28.0,0.9866548042704626,SAMME.R,9,0.7879046248916832,212,mean
28.0,0.9866548042704626,SAMME,7,0.8116110358439161,178,most_frequent
28.0,0.9864768683274022,SAMME.R,9,1.560261330731141,386,mean
28.0,0.9862989323843416,SAMME,10,0.7124382982976809,210,median
28.0,0.9862989323843416,SAMME,8,1.7904716450742966,286,most_frequent
28.0,0.986120996441281,SAMME,10,1.416844370599829,210,most_frequent
28.0,0.986120996441281,SAMME,7,0.5547146253170626,416,median
28.0,0.9859430604982207,SAMME,9,0.37140974469966115,454,median
29.0,0.8739130434782609,SAMME,10,0.7060286310143894,264,most_frequent
29.0,0.8739130434782609,SAMME.R,6,1.3592435229283015,496,median
29.0,0.8724637681159421,SAMME,4,0.03606257180373448,345,median
29.0,0.8724637681159421,SAMME,6,1.4322876123567871,499,most_frequent
29.0,0.8710144927536231,SAMME,5,0.27171179653459476,349,most_frequent
29.0,0.8710144927536231,SAMME,6,0.48102961551524204,101,mean
29.0,0.8710144927536231,SAMME,8,0.3553468847130816,482,median
29.0,0.8710144927536231,SAMME.R,5,1.3548667981467717,345,most_frequent
29.0,0.8710144927536231,SAMME,6,0.8545303002922062,486,median
29.0,0.8695652173913043,SAMME.R,7,0.9904363257862772,113,most_frequent
29.0,0.8695652173913043,SAMME,7,0.25047410644540813,249,mean
29.0,0.8695652173913043,SAMME.R,9,0.9488753921964429,416,most_frequent
29.0,0.8695652173913043,SAMME.R,4,1.638523566933029,500,most_frequent
29.0,0.8695652173913043,SAMME,4,0.16151681964921197,438,mean
29.0,0.8695652173913043,SAMME,3,0.020087390817962406,341,mean
29.0,0.8695652173913043,SAMME,7,0.4014146871649775,238,median
29.0,0.8695652173913043,SAMME,6,1.6730681477785447,262,mean
29.0,0.8695652173913043,SAMME,9,1.1650709726110042,276,most_frequent
29.0,0.8695652173913043,SAMME,6,1.2104865292025013,491,median
29.0,0.8695652173913043,SAMME,6,0.3378428391534893,488,mean
31.0,0.7609999999999999,SAMME,9,1.1290079374155542,424,most_frequent
31.0,0.76,SAMME.R,3,0.17452699598809743,53,median
31.0,0.759,SAMME.R,2,0.0625990538246436,246,median
31.0,0.759,SAMME.R,8,0.9418893368719385,91,median
31.0,0.759,SAMME,6,0.02236045652080478,363,median
31.0,0.758,SAMME,9,0.6014843427284854,289,mean
31.0,0.757,SAMME.R,2,0.050326001994752775,496,mean
31.0,0.757,SAMME.R,7,0.7251032879562899,422,median
31.0,0.757,SAMME.R,7,1.4772608177882698,375,mean
31.0,0.757,SAMME,5,0.020584989947814696,420,mean
31.0,0.7559999999999999,SAMME,7,1.2254241325328836,97,median
31.0,0.7559999999999999,SAMME,6,0.0121143078370457,439,median
31.0,0.7559999999999999,SAMME,5,0.22142844247382212,239,median
31.0,0.7559999999999999,SAMME.R,10,0.9588715639298991,378,most_frequent
31.0,0.755,SAMME.R,1,0.1436746801142147,183,most_frequent
31.0,0.755,SAMME.R,3,0.03910386118165808,108,mean
31.0,0.755,SAMME,5,1.1992144180268318,292,median
31.0,0.754,SAMME,3,0.20988850269946885,441,most_frequent
31.0,0.754,SAMME,5,0.09883168795029441,56,mean
31.0,0.754,SAMME,4,0.1501138547630965,364,most_frequent
32.0,0.9948144104803494,SAMME,9,1.7244147437874406,349,mean
32.0,0.9948144104803494,SAMME.R,9,1.0505586722151357,234,mean
32.0,0.9947234352256186,SAMME,7,0.38181295239665725,348,median
32.0,0.9946324599708879,SAMME.R,9,0.724140049684554,446,mean
32.0,0.9946324599708879,SAMME,9,0.28110706835038796,417,mean
32.0,0.9946324599708879,SAMME.R,8,0.6506922792229659,429,median
32.0,0.9946324599708879,SAMME.R,10,1.030052640307697,399,most_frequent
32.0,0.9946324599708879,SAMME.R,8,0.9948117981708413,329,mean
32.0,0.9946324599708879,SAMME,10,0.7052641773434145,281,mean
32.0,0.9945414847161572,SAMME,7,0.37862948448996053,117,mean
32.0,0.9945414847161572,SAMME,8,0.3639106530519364,433,mean
32.0,0.9945414847161572,SAMME,7,0.7534154818277075,388,median
32.0,0.9944505094614264,SAMME,8,1.2391068219174106,100,mean
32.0,0.9944505094614264,SAMME.R,9,0.9376858509967382,87,most_frequent
32.0,0.9944505094614264,SAMME,8,1.1185760277116763,160,mean
32.0,0.9944505094614264,SAMME,7,0.39656530093535164,209,median
32.0,0.9943595342066958,SAMME.R,8,0.6409591564322888,416,mean
32.0,0.9942685589519651,SAMME,8,0.32767293126880914,292,most_frequent
32.0,0.9942685589519651,SAMME,8,0.1420790187198872,267,most_frequent
32.0,0.9942685589519651,SAMME,7,0.2419854498508406,293,most_frequent
37.0,0.7747395833333333,SAMME,4,0.051409990513432445,380,median
37.0,0.7734375,SAMME,4,0.18359533564048253,342,mean
37.0,0.7734375,SAMME,5,0.15392313605478342,322,most_frequent
37.0,0.7734375,SAMME,4,0.07765751470530784,274,mean
37.0,0.7734375,SAMME,8,0.4084853624635436,111,median
37.0,0.7721354166666667,SAMME,4,0.022467648306925343,290,median
37.0,0.7708333333333333,SAMME,4,0.11171734029347263,436,most_frequent
37.0,0.7708333333333333,SAMME,4,0.015232891851357648,404,mean
37.0,0.7708333333333333,SAMME,3,0.6790965842388661,244,mean
37.0,0.76953125,SAMME,6,0.1135646928115743,476,most_frequent
37.0,0.76953125,SAMME,4,0.10162615059965276,168,mean
37.0,0.76953125,SAMME,3,0.3864913980529889,464,median
37.0,0.76953125,SAMME,4,0.011383965363308083,236,median
37.0,0.76953125,SAMME.R,3,0.010123260782011421,340,mean
37.0,0.7682291666666667,SAMME,5,0.02287485182070906,430,median
37.0,0.7682291666666667,SAMME,5,0.012135514808105688,356,mean
37.0,0.7682291666666667,SAMME,2,0.8292109649499149,196,median
37.0,0.7682291666666667,SAMME,5,0.29797340332628325,169,most_frequent
37.0,0.7669270833333333,SAMME,5,0.0749185106385581,359,most_frequent
37.0,0.7669270833333333,SAMME,5,0.04730761162566272,268,mean
43.0,0.9578352532058249,SAMME,7,0.5975841577698101,230,median
43.0,0.9578352532058249,SAMME,8,1.0045173016063769,446,mean
43.0,0.9578352532058249,SAMME.R,4,0.1563040897138342,207,median
43.0,0.9576179091501849,SAMME,8,0.5026180963427965,393,mean
43.0,0.9576179091501849,SAMME,7,0.6951611342766335,276,mean
43.0,0.9574005650945446,SAMME.R,6,0.18140590002888624,488,most_frequent
43.0,0.9574005650945446,SAMME,6,0.40997585852983387,442,median
43.0,0.9571832210389046,SAMME,10,0.40536943605399256,172,most_frequent
43.0,0.9571832210389046,SAMME,9,0.4167104978705059,195,mean
43.0,0.9571832210389046,SAMME,10,0.2898525597223146,259,most_frequent
43.0,0.9571832210389046,SAMME,8,0.7366124869305717,250,median
43.0,0.9571832210389046,SAMME,10,0.9428179052699159,89,median
43.0,0.9569658769832645,SAMME,7,0.1973506624211152,482,median
43.0,0.9569658769832645,SAMME,8,0.37005322265181323,153,mean
43.0,0.9569658769832645,SAMME,8,0.3243592683394011,478,median
43.0,0.9567485329276245,SAMME,10,0.30182474181820834,302,median
43.0,0.9563138448163443,SAMME,5,1.3565897099361106,235,median
43.0,0.9563138448163443,SAMME,7,0.2996834515981549,313,median
43.0,0.9563138448163443,SAMME,9,0.6019960606460545,431,most_frequent
43.0,0.9560965007607042,SAMME,6,0.6876751340674064,343,median
45.0,0.9639498432601882,SAMME.R,8,1.149312438258422,210,median
45.0,0.9639498432601882,SAMME.R,8,1.3403078745301196,153,mean
45.0,0.9639498432601882,SAMME,9,0.39313437826833597,394,median
45.0,0.9636363636363636,SAMME,7,1.1579321897468566,403,median
45.0,0.9633228840125392,SAMME,9,0.47474855493387474,208,most_frequent
45.0,0.9633228840125392,SAMME,9,1.1788144423396352,416,most_frequent
45.0,0.9633228840125392,SAMME,6,1.1324673059293282,286,mean
45.0,0.9633228840125392,SAMME,5,1.4129961812396392,199,most_frequent
45.0,0.9630094043887147,SAMME,6,1.7475854808273064,396,mean
45.0,0.9630094043887147,SAMME.R,6,1.3371171916431683,279,median
45.0,0.9630094043887147,SAMME.R,9,1.0910160691539965,197,most_frequent
45.0,0.9630094043887147,SAMME,8,0.8519763993410573,410,most_frequent
45.0,0.9630094043887147,SAMME,6,1.3619893406077834,286,median
45.0,0.9626959247648902,SAMME,7,0.4090438905617973,381,most_frequent
45.0,0.9626959247648902,SAMME.R,5,1.7029588855656057,495,most_frequent
45.0,0.9626959247648902,SAMME.R,8,1.3459272006713152,229,mean
45.0,0.9623824451410659,SAMME.R,6,0.6465387826363161,470,mean
45.0,0.9623824451410659,SAMME,8,1.8666759166180837,440,median
45.0,0.9623824451410659,SAMME,6,1.2967174545773505,365,most_frequent
45.0,0.9623824451410659,SAMME,10,1.325089643836308,374,most_frequent
49.0,1.0,SAMME,4,0.42442958492040056,427,mean
49.0,1.0,SAMME,4,0.5652691239660673,266,median
49.0,1.0,SAMME.R,4,0.052727722585664,392,mean
49.0,1.0,SAMME,4,0.4415220634124728,419,median
49.0,1.0,SAMME.R,3,0.14435118189679105,357,mean
49.0,1.0,SAMME.R,3,0.24432194904248522,443,median
49.0,1.0,SAMME.R,4,0.11619672945189627,334,median
49.0,1.0,SAMME.R,4,0.03180452472237387,469,median
49.0,1.0,SAMME.R,4,0.6958101293705856,170,most_frequent
49.0,1.0,SAMME.R,3,0.5078986732200661,343,most_frequent
49.0,1.0,SAMME.R,3,0.5208501158627136,338,mean
49.0,1.0,SAMME,3,0.8197688013199523,305,most_frequent
49.0,1.0,SAMME.R,4,0.18583608409994168,170,mean
49.0,1.0,SAMME.R,4,0.15846362613298437,405,mean
49.0,1.0,SAMME.R,4,0.48337327816054865,396,mean
49.0,1.0,SAMME.R,3,0.3551729986747122,379,median
49.0,1.0,SAMME.R,3,0.25520663276690553,292,median
49.0,1.0,SAMME.R,3,0.2585543100352478,440,mean
49.0,1.0,SAMME.R,3,0.22761725430303834,296,most_frequent
49.0,1.0,SAMME.R,3,0.6960806827254474,279,median
53.0,0.7801418439716312,SAMME,6,0.34006643408054693,357,mean
53.0,0.7789598108747045,SAMME,9,0.2658694145579105,362,mean
53.0,0.7789598108747045,SAMME,5,0.10577174585799419,492,mean
53.0,0.7789598108747045,SAMME,6,0.09329872069675654,156,mean
53.0,0.7777777777777777,SAMME,8,0.07860867087530884,334,most_frequent
53.0,0.7777777777777777,SAMME,3,0.08921427905197755,440,median
53.0,0.7777777777777777,SAMME,7,0.03732996591105607,265,most_frequent
53.0,0.7777777777777777,SAMME,8,0.41034554239900617,371,median
53.0,0.7777777777777777,SAMME,6,0.04944233990261079,289,mean
53.0,0.7765957446808511,SAMME,5,0.08546098452599278,482,mean
53.0,0.7765957446808511,SAMME,6,0.1866833800289548,372,median
53.0,0.7765957446808511,SAMME,6,0.2455414458957641,258,median
53.0,0.7765957446808511,SAMME,5,0.5228854829815017,199,mean
53.0,0.7754137115839244,SAMME,6,0.016108223053246856,301,median
53.0,0.7754137115839244,SAMME,6,1.7327593073232845,478,most_frequent
53.0,0.7754137115839244,SAMME,7,0.03809940133109849,467,median
53.0,0.7742316784869976,SAMME,6,0.10581477097314773,306,median
53.0,0.7742316784869976,SAMME.R,7,1.4465525993500556,387,mean
53.0,0.7742316784869976,SAMME,6,0.15796456657910024,434,most_frequent
53.0,0.7742316784869976,SAMME,9,1.1940013004456078,145,most_frequent
219.0,0.9388903601694915,SAMME,8,0.9728713066415053,146,median
219.0,0.9385151836158192,SAMME,7,0.9879414959445145,411,median
219.0,0.9361758474576272,SAMME.R,7,0.05343121644592404,467,mean
219.0,0.9361758474576272,SAMME.R,8,0.051058567341349656,334,median
219.0,0.9360655014124294,SAMME.R,8,0.08151876554682796,342,most_frequent
219.0,0.9360213629943503,SAMME.R,9,0.0461142303860179,368,mean
219.0,0.9359110169491526,SAMME.R,8,0.028688451355953267,459,median
219.0,0.9356682556497176,SAMME.R,8,0.02937006768625252,358,most_frequent
219.0,0.9354475635593221,SAMME.R,8,0.0961533386862976,285,most_frequent
219.0,0.935248940677966,SAMME,7,1.328149840186653,217,median
219.0,0.935248940677966,SAMME.R,9,0.19563698029913085,361,median
219.0,0.935248940677966,SAMME.R,9,0.3273961456259321,470,median
219.0,0.9348958333333333,SAMME,7,1.4269076596214496,248,most_frequent
219.0,0.9348737641242938,SAMME.R,10,0.31337336976647234,421,mean
219.0,0.9348516949152542,SAMME.R,9,0.31509980558497236,400,median
219.0,0.9346089336158192,SAMME.R,10,0.12295110648421421,378,most_frequent
219.0,0.934520656779661,SAMME,9,0.43659075036754774,307,most_frequent
219.0,0.9341454802259886,SAMME.R,10,0.10748818607546508,335,mean
219.0,0.9339689265536723,SAMME.R,8,0.11188292278076492,319,median
219.0,0.9338806497175142,SAMME.R,7,0.1036053045150628,314,most_frequent
2074.0,0.9228615863141525,SAMME,7,1.0337552642255872,321,median
2074.0,0.9228615863141525,SAMME,9,1.1142794034340964,253,mean
2074.0,0.9228615863141525,SAMME,8,0.38743726825184616,316,mean
2074.0,0.9223950233281494,SAMME,9,0.4797355615039305,155,median
2074.0,0.9223950233281494,SAMME,10,0.8510715015146524,225,most_frequent
2074.0,0.922239502332815,SAMME,8,0.31017680703637873,395,median
2074.0,0.922239502332815,SAMME,7,0.7554842836188856,277,mean
2074.0,0.922239502332815,SAMME,9,0.3806661327246078,107,median
2074.0,0.9220839813374806,SAMME,10,0.5791737205681191,151,median
2074.0,0.9213063763608088,SAMME,9,1.345982108663124,154,mean
2074.0,0.9213063763608088,SAMME,10,1.6290372688073054,446,most_frequent
2074.0,0.92099533437014,SAMME,10,0.32210856456845266,410,mean
2074.0,0.9208398133748057,SAMME.R,10,0.8514224344806476,288,median
2074.0,0.9206842923794712,SAMME.R,10,1.0903141495989386,405,most_frequent
2074.0,0.9206842923794712,SAMME,9,0.10714114455705459,143,most_frequent
2074.0,0.9205287713841369,SAMME,7,0.8057685614974291,148,mean
2074.0,0.9203732503888026,SAMME,10,0.3098469387301388,283,mean
2074.0,0.9203732503888026,SAMME,9,1.4917461188714998,379,most_frequent
2074.0,0.9202177293934681,SAMME.R,9,1.0084739109214174,185,mean
2074.0,0.9202177293934681,SAMME.R,10,0.8293291574255747,428,median
2079.0,0.6902173913043478,SAMME,4,1.676756816127319,127,median
2079.0,0.6902173913043478,SAMME.R,8,1.8630723763620598,76,most_frequent
2079.0,0.6902173913043478,SAMME.R,7,0.9871352406385207,310,median
2079.0,0.688858695652174,SAMME,5,1.4583858311269102,491,most_frequent
2079.0,0.688858695652174,SAMME,10,0.8025811415392197,372,mean
2079.0,0.6875,SAMME,6,0.5284599588384681,156,most_frequent
2079.0,0.6875,SAMME,9,1.7479324689001476,144,median
2079.0,0.6875,SAMME,5,0.8292507956585351,469,most_frequent
2079.0,0.686141304347826,SAMME,10,0.6117593145090949,146,median
2079.0,0.686141304347826,SAMME,8,1.8576301391997623,266,median
2079.0,0.686141304347826,SAMME,5,0.753419566911174,173,median
2079.0,0.686141304347826,SAMME,6,0.9239811548860722,442,most_frequent
2079.0,0.6847826086956522,SAMME.R,10,1.2794311618431427,127,mean
2079.0,0.6847826086956522,SAMME,10,0.5794729893610614,256,median
2079.0,0.6834239130434783,SAMME,4,0.019856232879567982,458,most_frequent
2079.0,0.6820652173913043,SAMME,10,0.36406115345979795,444,most_frequent
2079.0,0.6807065217391305,SAMME.R,6,1.2968853859691019,210,most_frequent
2079.0,0.6807065217391305,SAMME,9,1.4109762295617867,138,most_frequent
2079.0,0.6807065217391305,SAMME,6,1.6068413033102358,131,mean
2079.0,0.6807065217391305,SAMME,10,0.7073771784429895,357,mean
3021.0,0.9917815482502651,SAMME.R,2,0.17572924808658869,166,most_frequent
3021.0,0.9917815482502651,SAMME.R,2,0.40759043242379545,416,median
3021.0,0.9917815482502651,SAMME.R,2,0.42726855338656433,246,median
3021.0,0.9917815482502651,SAMME.R,4,0.08154523204138256,368,most_frequent
3021.0,0.9917815482502651,SAMME.R,3,0.04487209453033621,445,mean
3021.0,0.9917815482502651,SAMME.R,2,0.20157278378504156,264,most_frequent
3021.0,0.9915164369034994,SAMME.R,4,0.08301901913343918,314,mean
3021.0,0.9915164369034994,SAMME.R,3,0.41917455584518665,55,median
3021.0,0.9912513255567339,SAMME.R,2,0.037831536692871114,492,median
3021.0,0.9912513255567339,SAMME.R,3,0.15492060388633336,111,median
3021.0,0.9912513255567339,SAMME.R,2,0.06384131705969798,366,mean
3021.0,0.9912513255567339,SAMME.R,4,0.3835867256876947,338,most_frequent
3021.0,0.9912513255567339,SAMME.R,4,0.7244419925173576,317,most_frequent
3021.0,0.9909862142099682,SAMME.R,4,0.1430837341908049,225,mean
3021.0,0.9909862142099682,SAMME.R,3,0.12255332053121282,196,most_frequent
3021.0,0.9907211028632026,SAMME.R,3,0.028889266414068682,373,mean
3021.0,0.9907211028632026,SAMME.R,2,0.11398443449111581,172,most_frequent
3021.0,0.9907211028632026,SAMME.R,2,0.4489655605489172,138,most_frequent
3021.0,0.9907211028632026,SAMME,5,0.11269594161856135,278,mean
3021.0,0.9907211028632026,SAMME.R,4,0.10753359167586515,336,median
3022.0,0.9757575757575758,SAMME,6,1.4682042419108856,441,mean
3022.0,0.9757575757575758,SAMME,10,0.5275707287941124,159,mean
3022.0,0.9757575757575758,SAMME,7,1.628250546327804,390,most_frequent
3022.0,0.9757575757575758,SAMME.R,10,1.5294941868404135,464,mean
3022.0,0.9757575757575758,SAMME,9,0.5185424640852145,417,most_frequent
3022.0,0.9757575757575758,SAMME,7,1.0753805442115547,230,median
3022.0,0.9747474747474747,SAMME.R,8,0.7110159878788547,80,median
3022.0,0.9747474747474747,SAMME,7,0.6431901713144884,164,median
3022.0,0.9747474747474747,SAMME,8,1.0457825325394812,311,mean
3022.0,0.9747474747474747,SAMME,8,0.7259251374101762,206,most_frequent
3022.0,0.9737373737373737,SAMME,7,0.5529659104384914,455,most_frequent
3022.0,0.9737373737373737,SAMME.R,9,0.5907244211033826,480,median
3022.0,0.9737373737373737,SAMME,8,0.5779476023593854,117,most_frequent
3022.0,0.9727272727272727,SAMME.R,7,0.7255124792955697,145,most_frequent
3022.0,0.9727272727272727,SAMME,9,0.35110406750005496,392,most_frequent
3022.0,0.9727272727272727,SAMME.R,10,0.7220522244699566,193,median
3022.0,0.9727272727272727,SAMME.R,8,1.267699963832145,239,mean
3022.0,0.9727272727272727,SAMME,7,1.094621920441883,198,most_frequent
3022.0,0.9727272727272727,SAMME,8,1.971149532330358,261,mean
3022.0,0.9727272727272727,SAMME.R,9,1.5908815339349718,390,median
3481.0,0.9617801718609722,SAMME,9,0.1451687523157758,298,median
3481.0,0.9617801718609722,SAMME,8,0.1577247413420922,422,most_frequent
3481.0,0.9616519174041298,SAMME,8,0.13058762438125623,412,mean
3481.0,0.9616519174041298,SAMME,8,0.2134371532013314,431,most_frequent
3481.0,0.9616519174041298,SAMME,10,0.36048076276396124,266,mean
3481.0,0.961395408490445,SAMME,10,0.22151445990231586,322,most_frequent
3481.0,0.9611388995767602,SAMME,9,0.2110387274843301,123,median
3481.0,0.961010645119918,SAMME,10,0.172256804222752,186,most_frequent
3481.0,0.961010645119918,SAMME,9,0.454111718594741,156,most_frequent
3481.0,0.9608823906630755,SAMME,8,0.17148239881783786,364,most_frequent
3481.0,0.9607541362062332,SAMME,10,0.08630271148278797,492,most_frequent
3481.0,0.9604976272925484,SAMME,10,0.6210988464048814,443,most_frequent
3481.0,0.9603693728357061,SAMME,10,0.08263518866028109,298,most_frequent
3481.0,0.9602411183788636,SAMME,8,0.04823763129395052,412,median
3481.0,0.9599846094651789,SAMME,9,0.10937523169627142,192,most_frequent
3481.0,0.9598563550083365,SAMME,9,0.5736844497749305,175,mean
3481.0,0.9595998460946518,SAMME,10,0.6920442888887257,465,mean
3481.0,0.9595998460946518,SAMME,8,0.7498916813675374,422,median
3481.0,0.9595998460946518,SAMME,8,0.07566616786300655,261,most_frequent
3481.0,0.9595998460946518,SAMME,10,0.09194398559565067,219,mean
3549.0,0.9928656361474435,SAMME.R,4,0.9529167403352357,431,mean
3549.0,0.9928656361474435,SAMME,5,0.3782925572556042,319,most_frequent
3549.0,0.9928656361474435,SAMME,4,0.655512593894165,224,most_frequent
3549.0,0.9928656361474435,SAMME,4,0.542307866052154,368,most_frequent
3549.0,0.9928656361474435,SAMME,5,1.4040947972063889,158,median
3549.0,0.9928656361474435,SAMME,3,0.8003635438832213,194,most_frequent
3549.0,0.9928656361474435,SAMME,4,0.6118148773764635,211,most_frequent
3549.0,0.9928656361474435,SAMME,5,1.821705459436357,424,mean
3549.0,0.9916765755053508,SAMME,3,0.6056432441939293,60,most_frequent
3549.0,0.9916765755053508,SAMME,3,0.35295528914551166,491,mean
3549.0,0.9916765755053508,SAMME,4,0.3112660828438497,482,median
3549.0,0.9916765755053508,SAMME.R,3,1.7248633853590136,142,median
3549.0,0.9916765755053508,SAMME,5,1.1936075099384382,291,median
3549.0,0.9916765755053508,SAMME,4,0.2724295893799876,318,mean
3549.0,0.9916765755053508,SAMME,2,1.2735337003760303,142,most_frequent
3549.0,0.990487514863258,SAMME,4,0.2602582167639261,316,most_frequent
3549.0,0.990487514863258,SAMME,4,1.9427508166707856,234,median
3549.0,0.990487514863258,SAMME,3,0.1414376431901831,167,median
3549.0,0.990487514863258,SAMME,4,0.3147385349502,330,median
3549.0,0.990487514863258,SAMME,4,0.5768641975646223,477,median
3560.0,0.23086574654956085,SAMME,5,0.04730770340163766,321,median
3560.0,0.23086574654956085,SAMME.R,2,0.10582103204306845,209,most_frequent
3560.0,0.22961104140526978,SAMME,4,0.02512962329638733,220,most_frequent
3560.0,0.22961104140526978,SAMME,5,0.046529307865965194,408,most_frequent
3560.0,0.22835633626097868,SAMME,4,0.016053917165038224,401,median
3560.0,0.22835633626097868,SAMME,4,0.054239140023722335,53,median
3560.0,0.2271016311166876,SAMME,4,0.024270654465073548,107,median
3560.0,0.2271016311166876,SAMME,5,0.029330909248606103,136,median
3560.0,0.2271016311166876,SAMME,5,0.037961486771851405,312,most_frequent
3560.0,0.22584692597239647,SAMME.R,2,0.09557533054283755,152,mean
3560.0,0.22584692597239647,SAMME.R,2,0.1822139910879774,221,mean
3560.0,0.22584692597239647,SAMME,4,0.019979138782573694,164,most_frequent
3560.0,0.2245922208281054,SAMME.R,2,0.34134799271069727,266,median
3560.0,0.2245922208281054,SAMME,4,0.022504329202703604,371,most_frequent
3560.0,0.2245922208281054,SAMME,9,0.1118762072812194,319,median
3560.0,0.2245922208281054,SAMME.R,2,0.24597632908013056,452,most_frequent
3560.0,0.2245922208281054,SAMME.R,2,0.10402837805718908,453,median
3560.0,0.2233375156838143,SAMME,5,0.14695685672350614,74,most_frequent
3560.0,0.2233375156838143,SAMME,4,0.029547409852851498,146,mean
3560.0,0.2233375156838143,SAMME.R,2,0.051662792991362054,88,most_frequent
3573.0,0.9798428571428572,SAMME,9,0.4041209193403882,398,most_frequent
3573.0,0.9798142857142856,SAMME,9,0.5154682018505564,353,median
3573.0,0.9798,SAMME,10,0.3904544272187765,259,mean
3573.0,0.9797857142857143,SAMME,9,0.4507066337775335,300,median
3573.0,0.9797714285714285,SAMME,10,0.3306943072620116,412,mean
3573.0,0.9797571428571429,SAMME,10,0.5813090094608283,426,median
3573.0,0.9797285714285714,SAMME,10,0.36482566779599174,341,median
3573.0,0.9795999999999999,SAMME,10,0.5324590310994667,260,most_frequent
3573.0,0.9795857142857143,SAMME,9,0.22931662279505635,482,most_frequent
3573.0,0.9795857142857143,SAMME,10,0.4260345767391253,306,most_frequent
3573.0,0.9795571428571428,SAMME,10,0.6804344518042902,441,most_frequent
3573.0,0.9795428571428572,SAMME,10,0.3171389165160438,271,median
3573.0,0.9795285714285714,SAMME,10,0.408721745934412,227,median
3573.0,0.9795285714285714,SAMME,9,0.6347985621737362,345,most_frequent
3573.0,0.9795285714285714,SAMME,9,0.3497703696754745,326,most_frequent
3573.0,0.9794857142857143,SAMME,8,0.39938396902734496,360,mean
3573.0,0.9794571428571429,SAMME,9,0.4343020068137687,270,most_frequent
3573.0,0.9794142857142858,SAMME,9,0.18664120893802705,457,most_frequent
3573.0,0.9793428571428572,SAMME,9,0.22620628351640237,449,mean
3573.0,0.9793285714285714,SAMME,9,0.38161424136140903,298,mean
3902.0,0.9142661179698217,SAMME.R,3,0.12284857743851424,279,mean
3902.0,0.9135802469135803,SAMME.R,7,0.19434261659970858,367,mean
3902.0,0.9135802469135803,SAMME,5,0.23715864263446537,133,most_frequent
3902.0,0.9135802469135803,SAMME,6,0.28506378236680746,480,median
3902.0,0.9128943758573388,SAMME.R,7,0.5105563227678316,149,median
3902.0,0.9128943758573388,SAMME,3,0.22540781577422325,392,median
3902.0,0.9128943758573388,SAMME,3,0.6390755211939408,402,most_frequent
3902.0,0.9128943758573388,SAMME,4,0.049464331127621705,485,median
3902.0,0.9128943758573388,SAMME.R,10,0.028124279559076135,276,most_frequent
3902.0,0.9128943758573388,SAMME,4,0.03273223892279626,366,most_frequent
3902.0,0.9128943758573388,SAMME,3,0.8272940809990127,437,most_frequent
3902.0,0.9128943758573388,SAMME,6,0.6256752178361144,199,most_frequent
3902.0,0.9122085048010975,SAMME,10,1.980434373506804,93,median
3902.0,0.9122085048010975,SAMME.R,4,0.026397849581671906,238,mean
3902.0,0.9122085048010975,SAMME,6,0.41173628495162023,166,mean
3902.0,0.9122085048010975,SAMME,4,0.25555894048757244,126,median
3902.0,0.9122085048010975,SAMME,5,0.12711888151777453,471,median
3902.0,0.911522633744856,SAMME.R,6,0.30720423055165064,211,median
3902.0,0.911522633744856,SAMME.R,7,0.05324092265380551,486,median
3902.0,0.911522633744856,SAMME,4,0.13896564001817918,411,median
3903.0,0.9033909149072297,SAMME,9,0.9417602037389963,174,median
3903.0,0.9033909149072297,SAMME,9,0.06244678342033233,423,mean
3903.0,0.9027511196417146,SAMME,6,0.6935926147965937,362,median
3903.0,0.9027511196417146,SAMME.R,6,0.17786330813176834,415,most_frequent
3903.0,0.9027511196417146,SAMME.R,10,0.10640976529438967,231,most_frequent
3903.0,0.9027511196417146,SAMME.R,10,0.5515499363512066,188,most_frequent
3903.0,0.9027511196417146,SAMME,10,0.10123122972783415,317,mean
3903.0,0.9027511196417146,SAMME.R,9,0.17492962744339188,317,most_frequent
3903.0,0.9027511196417146,SAMME,6,0.3914335555704251,401,mean
3903.0,0.9021113243761997,SAMME,9,0.11985085243905368,340,most_frequent
3903.0,0.9021113243761997,SAMME,9,0.6906005520089995,441,mean
3903.0,0.9021113243761997,SAMME.R,7,0.1538730295926038,353,mean
3903.0,0.9021113243761997,SAMME.R,10,0.6588850812039068,312,median
3903.0,0.9021113243761997,SAMME,6,0.46635335233373454,124,most_frequent
3903.0,0.9021113243761997,SAMME.R,4,0.031085800402346927,93,most_frequent
3903.0,0.9021113243761997,SAMME.R,4,0.28780916558851055,418,mean
3903.0,0.9021113243761997,SAMME,4,0.6895743064429677,473,mean
3903.0,0.9021113243761997,SAMME,9,0.12821652986195753,74,mean
3903.0,0.9014715291106846,SAMME.R,9,0.0916364737596098,396,median
3903.0,0.9014715291106846,SAMME.R,3,0.010268937701965866,340,most_frequent
3904.0,0.8154340836012862,SAMME,8,0.07753530343641876,370,mean
3904.0,0.8153422140560405,SAMME.R,9,0.08413978230917524,342,median
3904.0,0.8152503445107946,SAMME,8,0.192816627954516,231,mean
3904.0,0.8151584749655489,SAMME,9,0.19295898447460252,477,median
3904.0,0.8151584749655489,SAMME,10,0.4408932568582103,232,median
3904.0,0.8149747358750574,SAMME.R,4,0.015558374090779517,162,most_frequent
3904.0,0.8149747358750574,SAMME.R,3,0.012685695915603623,182,median
3904.0,0.8148828663298118,SAMME,9,0.7410374851625808,269,mean
3904.0,0.8146991272393201,SAMME,10,0.22552388673134954,488,median
3904.0,0.8146991272393201,SAMME,10,0.13397011803118727,245,mean
3904.0,0.8146072576940745,SAMME,6,0.08156874082465902,407,mean
3904.0,0.8146072576940745,SAMME.R,6,0.01649223292531045,311,mean
3904.0,0.8146072576940745,SAMME.R,10,0.17514506776861355,292,most_frequent
3904.0,0.8144235186035829,SAMME.R,10,0.06040654127284778,190,median
3904.0,0.8144235186035829,SAMME.R,5,0.034397409575478995,103,median
3904.0,0.8144235186035829,SAMME,8,0.016290295260073626,486,mean
3904.0,0.8143316490583372,SAMME.R,3,0.016554489131775544,261,mean
3904.0,0.8143316490583372,SAMME,10,0.5661825472949654,138,most_frequent
3904.0,0.8142397795130915,SAMME,8,0.1196927291502491,474,mean
3904.0,0.8142397795130915,SAMME,8,0.026671625062202168,275,most_frequent
3913.0,0.8524904214559388,SAMME,1,0.097025549060212,85,most_frequent
3913.0,0.8524904214559388,SAMME,1,0.26130523625102786,498,median
3913.0,0.8505747126436782,SAMME,1,0.20062400896996552,169,most_frequent
3913.0,0.8505747126436782,SAMME,1,0.07029584631335428,489,most_frequent
3913.0,0.8505747126436782,SAMME,1,0.29736356910698447,53,mean
3913.0,0.8505747126436782,SAMME.R,1,0.014933446077180234,220,median
3913.0,0.8505747126436782,SAMME,1,0.019257604188279844,373,median
3913.0,0.8505747126436782,SAMME.R,1,0.08689355948149206,50,mean
3913.0,0.8505747126436782,SAMME,1,0.015879442936583294,465,median
3913.0,0.8505747126436782,SAMME,1,0.15012222165979391,166,most_frequent
3913.0,0.8505747126436782,SAMME.R,1,0.24688279396416668,173,median
3913.0,0.8505747126436782,SAMME.R,1,0.010897200121464671,332,most_frequent
3913.0,0.8505747126436782,SAMME,1,0.2861880034405364,349,most_frequent
3913.0,0.8486590038314177,SAMME.R,1,0.15267066260816983,238,mean
3913.0,0.8486590038314177,SAMME,1,0.45392637547400755,197,median
3913.0,0.8486590038314177,SAMME.R,1,0.35608276028292424,114,most_frequent
3913.0,0.8486590038314177,SAMME,3,0.3477726690276764,78,most_frequent
3913.0,0.8486590038314177,SAMME.R,1,0.15620646999540688,93,median
3913.0,0.8486590038314177,SAMME,1,0.024354256914297823,101,median
3913.0,0.8486590038314177,SAMME,2,0.32195423878087726,425,median
3917.0,0.8610715979137032,SAMME.R,10,0.07100427094785475,266,mean
3917.0,0.8605974395448079,SAMME.R,9,0.043898404899481706,438,median
3917.0,0.8605974395448079,SAMME.R,6,0.8997540482200977,295,most_frequent
3917.0,0.8605974395448079,SAMME.R,7,0.4411031221752079,300,most_frequent
3917.0,0.8605974395448079,SAMME.R,10,0.6884339392621952,411,most_frequent
3917.0,0.8605974395448079,SAMME.R,7,0.38619748729455833,461,most_frequent
3917.0,0.8601232811759129,SAMME,5,0.436352254379708,366,most_frequent
3917.0,0.8601232811759129,SAMME.R,1,0.10388984418486373,396,mean
3917.0,0.8601232811759129,SAMME.R,1,0.07844220535407688,464,most_frequent
3917.0,0.8601232811759129,SAMME.R,8,0.14464714080014243,284,most_frequent
3917.0,0.8596491228070176,SAMME.R,2,0.051997464211640795,312,most_frequent
3917.0,0.8596491228070176,SAMME,5,0.1627272092659592,371,median
3917.0,0.8596491228070176,SAMME,5,0.03292099254648336,495,median
3917.0,0.8596491228070176,SAMME.R,10,0.11037700524895416,376,mean
3917.0,0.8591749644381224,SAMME.R,5,0.29443836774296145,213,most_frequent
3917.0,0.8591749644381224,SAMME.R,1,0.05690117910670676,461,most_frequent
3917.0,0.8591749644381224,SAMME.R,8,0.10988280190369917,132,most_frequent
3917.0,0.8587008060692272,SAMME.R,2,0.07243629540857073,101,most_frequent
3917.0,0.8587008060692272,SAMME.R,1,0.0752717428658672,373,mean
3917.0,0.8587008060692272,SAMME,5,0.043842319376427664,388,median
3918.0,0.9386834986474301,SAMME.R,8,0.022178288787444086,151,median
3918.0,0.9386834986474301,SAMME.R,5,0.03577816019182798,121,most_frequent
3918.0,0.9386834986474301,SAMME.R,10,0.2548616593763758,189,most_frequent
3918.0,0.9386834986474301,SAMME.R,10,0.39234952419926367,236,median
3918.0,0.9386834986474301,SAMME.R,9,0.1915738988605939,130,median
3918.0,0.9386834986474301,SAMME,3,0.1013572010528035,78,mean
3918.0,0.9386834986474301,SAMME.R,7,0.08008330968387493,371,most_frequent
3918.0,0.9377817853922452,SAMME.R,8,0.010753978890815282,360,median
3918.0,0.9377817853922452,SAMME.R,7,1.8353174818753768,142,most_frequent
3918.0,0.9377817853922452,SAMME.R,4,0.028776776236189596,75,mean
3918.0,0.9377817853922452,SAMME,5,0.8477091544847365,443,median
3918.0,0.9377817853922452,SAMME.R,4,0.2822361996462059,435,most_frequent
3918.0,0.9377817853922452,SAMME.R,5,0.18026290059840752,355,median
3918.0,0.9377817853922452,SAMME,3,0.03696909488412639,338,median
3918.0,0.9377817853922452,SAMME,3,0.05497840605371611,135,median
3918.0,0.9377817853922452,SAMME.R,10,0.1677261808577554,292,most_frequent
3918.0,0.9377817853922452,SAMME.R,5,0.16601353550026515,374,most_frequent
3918.0,0.9377817853922452,SAMME.R,7,0.5850441448379113,411,most_frequent
3918.0,0.9377817853922452,SAMME.R,3,0.9915959218241751,198,most_frequent
3918.0,0.9377817853922452,SAMME.R,5,0.761671443328664,305,most_frequent
7592.0,0.8727939068834201,SAMME.R,3,0.045836609113073815,421,mean
7592.0,0.8727939068834201,SAMME.R,3,0.058468345406672416,280,most_frequent
7592.0,0.872650587609025,SAMME.R,4,0.28029935524187244,112,mean
7592.0,0.872650587609025,SAMME.R,5,0.04946754219081775,327,median
7592.0,0.8723025265140657,SAMME.R,2,0.518769319512383,145,mean
7592.0,0.8720363621473323,SAMME.R,3,0.053745202505093584,261,most_frequent
7592.0,0.8720158879652757,SAMME.R,3,0.24092791360403734,390,median
7592.0,0.8719749396011629,SAMME.R,2,0.11254250794507284,247,most_frequent
7592.0,0.8716678268703165,SAMME.R,4,0.0633395509857816,124,mean
7592.0,0.8715449817779779,SAMME.R,5,0.017769955896063935,354,most_frequent
7592.0,0.8714835592318088,SAMME.R,4,0.19502807720135562,176,most_frequent
7592.0,0.8714426108676959,SAMME.R,6,0.12155385316618718,57,median
7592.0,0.8709512304983416,SAMME.R,4,0.050065270194028164,149,mean
7592.0,0.8709512304983416,SAMME.R,6,0.053901517260036294,125,mean
7592.0,0.8709307563162852,SAMME.R,3,0.2569513515995521,377,mean
7592.0,0.8708898079521723,SAMME.R,5,0.012055156181407851,389,median
7592.0,0.8708079112239466,SAMME,10,0.062175720058040417,343,median
7592.0,0.8707874370418902,SAMME.R,5,0.016240979365201646,295,median
7592.0,0.870726014495721,SAMME.R,6,0.0587343257991899,137,most_frequent
7592.0,0.8705826952213259,SAMME.R,3,0.09715337307188329,104,most_frequent
9910.0,0.8021860837110104,SAMME,7,1.2623464033474945,195,mean
9910.0,0.8019194881364968,SAMME,8,0.5405651843723429,460,mean
9910.0,0.8016528925619835,SAMME,8,0.18308236665448144,75,mean
9910.0,0.80138629698747,SAMME,9,0.28945123353575064,418,median
9910.0,0.80138629698747,SAMME,10,0.11238113694812604,407,most_frequent
9910.0,0.8011197014129565,SAMME,8,0.1070664980303788,112,mean
9910.0,0.8011197014129565,SAMME,8,0.21830989478157564,173,mean
9910.0,0.800853105838443,SAMME,7,0.18308831108329118,368,mean
9910.0,0.800853105838443,SAMME,9,0.4710536680777317,478,most_frequent
9910.0,0.8005865102639297,SAMME,7,0.2131942285409424,349,most_frequent
9910.0,0.8005865102639297,SAMME,9,1.5473295375158578,496,most_frequent
9910.0,0.8003199146894161,SAMME,8,0.4148350562716664,369,mean
9910.0,0.8003199146894161,SAMME,7,0.06866332069077971,256,median
9910.0,0.8003199146894161,SAMME,10,1.185191289385824,158,most_frequent
9910.0,0.8000533191149027,SAMME,9,0.05609962903172057,321,most_frequent
9910.0,0.8000533191149027,SAMME,7,0.11249267219115709,433,most_frequent
9910.0,0.7997867235403892,SAMME,7,0.04330363051183891,309,mean
9910.0,0.7997867235403892,SAMME,8,0.08788981606694145,85,most_frequent
9910.0,0.7995201279658758,SAMME,6,0.19082582309095192,198,mean
9910.0,0.7995201279658758,SAMME,10,0.1914291003540468,96,most_frequent
9946.0,0.9753954305799648,SAMME,3,1.189665951958639,160,mean
9946.0,0.9753954305799648,SAMME.R,3,1.2047435970809215,107,median
9946.0,0.9753954305799648,SAMME.R,3,1.1384845303981503,286,mean
9946.0,0.9753954305799648,SAMME,4,0.052201879987298264,398,mean
9946.0,0.9736379613356766,SAMME.R,3,0.937113152173428,219,mean
9946.0,0.9736379613356766,SAMME,4,0.35650570801679876,425,mean
9946.0,0.9736379613356766,SAMME.R,3,0.8953690761775543,500,mean
9946.0,0.9736379613356766,SAMME,1,1.6515016673097545,450,mean
9946.0,0.9736379613356766,SAMME.R,3,1.3593577596286013,125,most_frequent
9946.0,0.9718804920913884,SAMME.R,5,1.3300323824658107,79,most_frequent
9946.0,0.9718804920913884,SAMME.R,1,0.3890841060622285,378,mean
9946.0,0.9718804920913884,SAMME,4,0.5004565593534525,180,mean
9946.0,0.9718804920913884,SAMME,1,1.4408616625114266,482,mean
9946.0,0.9718804920913884,SAMME,5,0.8098980618282161,491,most_frequent
9946.0,0.9718804920913884,SAMME,4,0.5171128550767972,219,most_frequent
9946.0,0.9718804920913884,SAMME,4,0.5199046725905686,225,mean
9946.0,0.9718804920913884,SAMME.R,4,0.7323827956554454,171,most_frequent
9946.0,0.9701230228471002,SAMME,3,0.8975760543102506,216,most_frequent
9946.0,0.9701230228471002,SAMME,4,0.1549102359259672,322,most_frequent
9946.0,0.9701230228471002,SAMME,4,1.7388624651416005,122,most_frequent
9952.0,0.9195040710584752,SAMME.R,9,0.32501553005408174,194,median
9952.0,0.9195040710584752,SAMME.R,10,0.9720901927556459,342,most_frequent
9952.0,0.9195040710584752,SAMME,8,1.0135171915399976,355,mean
9952.0,0.9191339748334567,SAMME,9,0.9590825828994997,285,mean
9952.0,0.9189489267209474,SAMME.R,7,0.5694851475217555,336,median
9952.0,0.9183937823834196,SAMME.R,10,0.197545355714473,163,mean
9952.0,0.9182087342709104,SAMME.R,10,0.11589881420191392,455,median
9952.0,0.9180236861584012,SAMME,10,0.7106560066337321,318,most_frequent
9952.0,0.9180236861584012,SAMME.R,9,0.9783009253505606,276,most_frequent
9952.0,0.9178386380458918,SAMME.R,9,0.7144957080194546,150,median
9952.0,0.9176535899333826,SAMME.R,7,0.3270530383443096,487,most_frequent
9952.0,0.9172834937083642,SAMME,10,1.0098274592411214,265,mean
9952.0,0.9172834937083642,SAMME.R,9,0.1675826333329651,332,mean
9952.0,0.9172834937083642,SAMME,7,1.5304772345998667,223,most_frequent
9952.0,0.917098445595855,SAMME.R,8,0.46079584416541436,109,mean
9952.0,0.9167283493708364,SAMME,10,0.8287018369085097,66,most_frequent
9952.0,0.9165433012583272,SAMME.R,9,0.8777601394198332,86,median
9952.0,0.9165433012583272,SAMME.R,10,0.5551562227712534,109,most_frequent
9952.0,0.9165433012583272,SAMME.R,9,0.21616898875521143,108,mean
9952.0,0.916358253145818,SAMME.R,6,0.27615201119598115,500,mean
9957.0,0.8710900473933649,SAMME.R,1,0.4143362592221254,172,most_frequent
9957.0,0.8701421800947867,SAMME.R,10,1.1618113455128156,170,most_frequent
9957.0,0.8701421800947867,SAMME.R,7,0.815306859434589,470,median
9957.0,0.8701421800947867,SAMME,4,0.024090643886598474,299,median
9957.0,0.8701421800947867,SAMME,4,0.049590480297974256,232,median
9957.0,0.8691943127962085,SAMME.R,1,0.1155532094334447,382,mean
9957.0,0.8691943127962085,SAMME,9,0.5163442740977092,330,most_frequent
9957.0,0.8691943127962085,SAMME,6,0.010752882594594813,411,mean
9957.0,0.8691943127962085,SAMME,3,0.43485705200880825,159,median
9957.0,0.8691943127962085,SAMME,9,0.1461788403520171,289,median
9957.0,0.8682464454976304,SAMME,7,0.9243408801132977,244,median
9957.0,0.8682464454976304,SAMME,8,0.49105261893843544,319,mean
9957.0,0.8682464454976304,SAMME.R,8,0.9219151564799654,70,most_frequent
9957.0,0.8682464454976304,SAMME,10,0.9693329236399038,356,median
9957.0,0.8682464454976304,SAMME,6,0.1291347236451436,90,most_frequent
9957.0,0.8682464454976304,SAMME,9,1.5063133928042447,384,mean
9957.0,0.8672985781990522,SAMME,4,0.029801196402770336,375,mean
9957.0,0.8672985781990522,SAMME,7,0.025798003084092993,469,mean
9957.0,0.8672985781990522,SAMME,9,1.5518723012729108,170,mean
9957.0,0.8672985781990522,SAMME,6,0.44302182525362566,220,median
9960.0,0.9983504398826979,SAMME,5,0.10126384823267083,289,median
9960.0,0.9983504398826979,SAMME.R,7,0.14410161900997298,234,median
9960.0,0.9983504398826979,SAMME,4,0.778932887696558,238,mean
9960.0,0.9983504398826979,SAMME,4,0.32498577715021437,345,most_frequent
9960.0,0.9983504398826979,SAMME.R,5,0.09920934483194309,289,median
9960.0,0.9983504398826979,SAMME.R,6,0.03229122165552985,455,mean
9960.0,0.9983504398826979,SAMME,5,0.0822258412470983,89,mean
9960.0,0.9983504398826979,SAMME,3,0.5902021066947982,325,most_frequent
9960.0,0.9983504398826979,SAMME,4,0.33230845508046125,186,most_frequent
9960.0,0.9983504398826979,SAMME,6,0.3749829630403288,330,mean
9960.0,0.9983504398826979,SAMME,5,0.03145807780577617,279,median
9960.0,0.9983504398826979,SAMME,4,0.38128721905251334,459,mean
9960.0,0.9983504398826979,SAMME,4,0.6488141870484078,351,most_frequent
9960.0,0.9981671554252199,SAMME,6,0.053011657293929274,484,median
9960.0,0.9981671554252199,SAMME,6,0.02193462111814264,460,mean
9960.0,0.9981671554252199,SAMME,4,0.41742128100713854,181,mean
9960.0,0.9981671554252199,SAMME,3,0.2749795797470278,456,mean
9960.0,0.9981671554252199,SAMME,6,0.2993514514941934,499,mean
9960.0,0.9981671554252199,SAMME,5,0.013331861541196904,417,mean
9960.0,0.9981671554252199,SAMME,6,0.40983291566315727,465,median
9964.0,0.9529190207156308,SAMME,7,0.9877776860973216,259,most_frequent
9964.0,0.9522912743251726,SAMME,7,0.19568990215475282,438,median
9964.0,0.9522912743251726,SAMME,8,1.0017463475075912,387,mean
9964.0,0.9522912743251726,SAMME,8,0.4696746254637118,448,mean
9964.0,0.9522912743251726,SAMME,9,1.3645762727430244,436,median
9964.0,0.9522912743251726,SAMME,10,0.9468338949329793,210,most_frequent
9964.0,0.9516635279347143,SAMME.R,10,1.0964449770868299,311,most_frequent
9964.0,0.9516635279347143,SAMME.R,9,1.510123072215367,438,median
9964.0,0.951035781544256,SAMME,8,0.8465076726096276,379,mean
9964.0,0.951035781544256,SAMME,7,0.13235726232028633,436,mean
9964.0,0.9504080351537979,SAMME,8,1.3692765990370919,428,median
9964.0,0.9504080351537979,SAMME,8,0.4777100488768835,432,mean
9964.0,0.9497802887633396,SAMME,10,0.40968650409755414,185,median
9964.0,0.9497802887633396,SAMME,6,0.611118289321043,285,mean
9964.0,0.9497802887633396,SAMME,7,0.19340228650693855,400,most_frequent
9964.0,0.9491525423728814,SAMME,9,1.8594052816199522,172,most_frequent
9964.0,0.9491525423728814,SAMME,9,0.1808628315487994,397,median
9964.0,0.9491525423728814,SAMME.R,9,0.7165014789080814,236,median
9964.0,0.9485247959824231,SAMME,10,1.9399897108730386,380,median
9964.0,0.9485247959824231,SAMME,7,0.14172491761522174,273,median
9971.0,0.7221269296740995,SAMME.R,1,0.19543871427390683,416,most_frequent
9971.0,0.7221269296740995,SAMME,7,0.31570068858663963,298,most_frequent
9971.0,0.7221269296740995,SAMME.R,7,0.015695769767661977,175,most_frequent
9971.0,0.7221269296740995,SAMME.R,3,0.22906581774202792,201,median
9971.0,0.7204116638078902,SAMME.R,5,0.20130653174892682,378,median
9971.0,0.7204116638078902,SAMME,6,0.4065035665058834,210,median
9971.0,0.7204116638078902,SAMME.R,1,0.4139693546787974,136,mean
9971.0,0.7204116638078902,SAMME,1,0.3183550982019718,374,mean
9971.0,0.7204116638078902,SAMME.R,1,0.0409789372465526,96,most_frequent
9971.0,0.7204116638078902,SAMME.R,9,1.3305140181925996,68,most_frequent
9971.0,0.7204116638078902,SAMME,8,0.604001726074238,129,most_frequent
9971.0,0.7186963979416809,SAMME.R,1,0.41703484655465467,235,most_frequent
9971.0,0.7186963979416809,SAMME.R,1,0.016168933404569936,320,most_frequent
9971.0,0.7169811320754716,SAMME.R,5,0.6746512510150934,327,most_frequent
9971.0,0.7169811320754716,SAMME,7,0.47899914842290564,352,mean
9971.0,0.7169811320754716,SAMME,2,0.2070979026747429,257,most_frequent
9971.0,0.7169811320754716,SAMME,2,0.06302120033135242,255,most_frequent
9971.0,0.7169811320754716,SAMME,2,0.10607300682854096,318,mean
9971.0,0.7169811320754716,SAMME.R,10,0.3257932627253508,337,median
9971.0,0.7152658662092624,SAMME,7,0.6458266042476347,272,most_frequent
9976.0,0.8492307692307692,SAMME,9,0.09707879790485875,274,mean
9976.0,0.8488461538461539,SAMME,10,0.3711894466323163,490,mean
9976.0,0.8480769230769231,SAMME,10,0.191498831829061,269,mean
9976.0,0.8476923076923077,SAMME,7,0.02966981659559282,326,most_frequent
9976.0,0.8473076923076923,SAMME,7,0.02157098523840171,167,mean
9976.0,0.8473076923076923,SAMME,7,0.09156090994243068,104,mean
9976.0,0.8473076923076923,SAMME,7,0.11846418365866851,375,median
9976.0,0.8469230769230769,SAMME,10,0.13493141756211097,397,mean
9976.0,0.8461538461538461,SAMME,9,0.06608637607227631,232,median
9976.0,0.8461538461538461,SAMME,7,0.2501665596740849,450,mean
9976.0,0.8461538461538461,SAMME,10,0.3951382271779758,474,median
9976.0,0.8461538461538461,SAMME,8,0.034200038184809475,401,median
9976.0,0.8461538461538461,SAMME,7,0.1640376228408635,172,most_frequent
9976.0,0.845,SAMME,6,0.07619413776878581,242,mean
9976.0,0.845,SAMME,7,0.5175215743155721,500,most_frequent
9976.0,0.845,SAMME,7,0.09336870039608401,232,median
9976.0,0.8446153846153847,SAMME,9,0.3114574627953474,318,most_frequent
9976.0,0.8442307692307692,SAMME,7,0.3434871870697601,452,most_frequent
9976.0,0.8430769230769231,SAMME,7,0.1438963409648994,68,mean
9976.0,0.8426923076923077,SAMME,8,0.016521732191737158,429,mean
9977.0,0.9736834469751922,SAMME.R,5,0.1631057254020523,439,mean
9977.0,0.9736834469751922,SAMME,9,0.751719074162251,356,most_frequent
9977.0,0.9736544320324967,SAMME,9,0.5653856355170027,111,most_frequent
9977.0,0.9736254170898013,SAMME,10,0.5001961464970899,114,mean
9977.0,0.9735964021471059,SAMME.R,8,0.14328648691792067,483,median
9977.0,0.9735964021471059,SAMME.R,10,0.23625105898279503,393,median
9977.0,0.9735383722617148,SAMME,9,0.21339819682898917,477,median
9977.0,0.9734513274336283,SAMME.R,8,0.1104421287324216,459,mean
9977.0,0.9733642826055419,SAMME,8,0.7767837355071439,149,mean
9977.0,0.9733352676628464,SAMME,10,0.6188717762336274,230,median
9977.0,0.97324822283476,SAMME.R,6,0.23752909876118722,290,most_frequent
9977.0,0.9731901929493689,SAMME,6,0.8190168888996191,457,mean
9977.0,0.9731611780066735,SAMME.R,9,0.7332921480713158,289,most_frequent
9977.0,0.973074133178587,SAMME.R,6,0.34155163443051917,276,most_frequent
9977.0,0.9730451182358916,SAMME.R,9,0.5737577176730165,489,mean
9977.0,0.973016103293196,SAMME.R,6,0.18893234871904246,328,most_frequent
9977.0,0.973016103293196,SAMME,7,0.5226742011840728,348,most_frequent
9977.0,0.973016103293196,SAMME,9,0.7731677813570943,85,most_frequent
9977.0,0.9729580734078049,SAMME.R,9,0.28946971712556335,355,mean
9977.0,0.9729000435224141,SAMME,10,0.4725345645798414,218,median
9978.0,0.9447513812154696,SAMME.R,4,0.7013834832698719,226,median
9978.0,0.9447513812154696,SAMME,3,1.340677619749416,316,mean
9978.0,0.9443567482241515,SAMME,3,1.0309330311155966,492,most_frequent
9978.0,0.9443567482241515,SAMME,8,0.28510684101138956,60,median
9978.0,0.9443567482241515,SAMME,4,0.7574049726216171,350,most_frequent
9978.0,0.9443567482241515,SAMME,7,0.25305418641573324,93,median
9978.0,0.9443567482241515,SAMME.R,4,0.7501144471127813,178,most_frequent
9978.0,0.9439621152328335,SAMME.R,4,0.8043107710875671,481,most_frequent
9978.0,0.9439621152328335,SAMME.R,4,0.45465078567106576,315,most_frequent
9978.0,0.9439621152328335,SAMME,6,1.4610260941191744,210,mean
9978.0,0.9439621152328335,SAMME,5,0.8517814356213959,362,median
9978.0,0.9439621152328335,SAMME.R,9,1.5945337626012954,407,mean
9978.0,0.9439621152328335,SAMME.R,10,0.6967844667787573,293,most_frequent
9978.0,0.9439621152328335,SAMME,5,0.9687295924434652,396,median
9978.0,0.9439621152328335,SAMME,7,0.11823630937325151,225,mean
9978.0,0.9435674822415154,SAMME,8,0.7071368259765419,172,most_frequent
9978.0,0.9435674822415154,SAMME,9,0.327734098210656,123,mean
9978.0,0.9435674822415154,SAMME.R,3,0.2255509639051602,389,mean
9978.0,0.9435674822415154,SAMME,7,0.2731845151938006,474,median
9978.0,0.9435674822415154,SAMME,6,0.3241001606935479,146,median
9981.0,0.9009259259259259,SAMME.R,6,0.043004669779672516,63,most_frequent
9981.0,0.9009259259259259,SAMME,8,0.13871570113703446,417,median
9981.0,0.9009259259259259,SAMME,8,0.058100737924366874,400,mean
9981.0,0.9009259259259259,SAMME.R,5,0.011691250021474241,60,median
9981.0,0.9009259259259259,SAMME.R,3,0.013247805607807372,111,median
9981.0,0.9009259259259259,SAMME,8,0.1302272782273579,158,median
9981.0,0.9,SAMME,9,0.0531937545389505,252,most_frequent
9981.0,0.9,SAMME,7,0.27712954243300525,195,median
9981.0,0.899074074074074,SAMME,8,0.132830121628033,194,median
9981.0,0.8981481481481481,SAMME.R,7,0.024433042749733618,88,most_frequent
9981.0,0.8981481481481481,SAMME,9,0.11072291432717876,429,mean
9981.0,0.8981481481481481,SAMME.R,10,0.014589673583325297,75,most_frequent
9981.0,0.8981481481481481,SAMME,8,0.11552386206210663,489,most_frequent
9981.0,0.8972222222222223,SAMME,7,0.13437716341409026,277,most_frequent
9981.0,0.8972222222222223,SAMME,8,0.0436407117610283,256,median
9981.0,0.8962962962962964,SAMME,10,0.10961807813123198,471,median
9981.0,0.8962962962962964,SAMME,9,0.07331318253502925,460,most_frequent
9981.0,0.8962962962962964,SAMME.R,3,0.013585322653783925,283,most_frequent
9981.0,0.8962962962962964,SAMME,10,0.2818657022764054,101,mean
9981.0,0.8953703703703704,SAMME,6,0.24850903365504873,273,most_frequent
9985.0,0.625040863027133,SAMME.R,8,0.25429600424937465,456,most_frequent
9985.0,0.625040863027133,SAMME,10,0.07433784862691925,125,median
9985.0,0.6248774109186008,SAMME.R,9,0.797547588228485,423,most_frequent
9985.0,0.6247139588100686,SAMME.R,9,0.49860557236954733,243,most_frequent
9985.0,0.6243870545930043,SAMME.R,10,0.5424106107142117,335,most_frequent
9985.0,0.6243870545930043,SAMME.R,9,0.6129392537452713,423,mean
9985.0,0.6242236024844721,SAMME.R,8,0.34746266621872823,366,most_frequent
9985.0,0.6242236024844721,SAMME.R,9,0.4241955662761005,150,most_frequent
9985.0,0.6240601503759399,SAMME.R,8,0.08695956057898353,397,median
9985.0,0.6240601503759399,SAMME,9,0.08018800235198482,277,most_frequent
9985.0,0.6240601503759399,SAMME.R,9,0.42151520614373367,147,most_frequent
9985.0,0.6235697940503432,SAMME,10,0.7409778146540931,399,mean
9985.0,0.6235697940503432,SAMME.R,8,0.058117201423493615,349,most_frequent
9985.0,0.6235697940503432,SAMME.R,8,0.0198757031619104,196,most_frequent
9985.0,0.6235697940503432,SAMME.R,8,0.9661831345601706,363,most_frequent
9985.0,0.6230794377247466,SAMME.R,9,0.20720142267027866,434,most_frequent
9985.0,0.6229159856162144,SAMME,10,0.10897790112627974,99,mean
9985.0,0.6229159856162144,SAMME,9,0.09896811870888114,155,median
9985.0,0.6229159856162144,SAMME.R,7,0.10912671465062844,278,mean
9985.0,0.6227525335076822,SAMME,10,0.024153186591398625,239,median
10093.0,0.9992711370262392,SAMME,5,1.7359927368486598,346,mean
10093.0,0.9992711370262392,SAMME.R,5,1.4142786827235367,299,mean
10093.0,0.9992711370262392,SAMME,2,1.564267636645832,223,mean
10093.0,0.9992711370262392,SAMME.R,4,1.3323371215924364,80,mean
10093.0,0.9992711370262392,SAMME.R,4,0.6764281043311955,493,mean
10093.0,0.9992711370262392,SAMME.R,3,0.6864665013759239,400,mean
10093.0,0.9992711370262392,SAMME.R,2,1.5967237224484963,335,most_frequent
10093.0,0.9992711370262392,SAMME,5,1.4192145422668418,62,median
10093.0,0.9992711370262392,SAMME,2,1.6059735966243145,387,most_frequent
10093.0,0.9992711370262392,SAMME.R,3,1.29372514868315,384,median
10093.0,0.9992711370262392,SAMME.R,5,1.3049625107164018,170,most_frequent
10093.0,0.9992711370262392,SAMME.R,5,0.984576888679843,396,median
10093.0,0.9992711370262392,SAMME.R,2,1.4033718744650732,176,most_frequent
10093.0,0.9992711370262392,SAMME,3,1.779739825715328,195,median
10093.0,0.9992711370262392,SAMME.R,2,1.2040521139283957,439,most_frequent
10093.0,0.9992711370262392,SAMME.R,1,1.3657826711239442,270,most_frequent
10093.0,0.9992711370262392,SAMME.R,3,1.0997342156492134,91,median
10093.0,0.9992711370262392,SAMME.R,2,0.9693680490149728,289,mean
10093.0,0.9992711370262392,SAMME.R,3,0.8674548349324874,235,median
10093.0,0.9992711370262392,SAMME.R,3,1.1349981822669768,477,median
10101.0,0.7941176470588235,SAMME.R,1,0.45019147352246175,140,mean
10101.0,0.7901069518716578,SAMME,3,0.17670754577394407,81,median
10101.0,0.7887700534759358,SAMME.R,1,0.4208266441602111,492,most_frequent
10101.0,0.7887700534759358,SAMME.R,1,0.25112937161207305,65,most_frequent
10101.0,0.7874331550802139,SAMME,3,0.5060254149664571,58,mean
10101.0,0.7874331550802139,SAMME,2,0.31489971805577344,115,most_frequent
10101.0,0.7874331550802139,SAMME,2,0.4384158137831843,83,median
10101.0,0.786096256684492,SAMME,4,0.043929075895942506,59,median
10101.0,0.786096256684492,SAMME,3,0.05813933477956369,380,most_frequent
10101.0,0.786096256684492,SAMME,3,0.06313922961865362,417,most_frequent
10101.0,0.786096256684492,SAMME,3,0.012485035150866169,437,mean
10101.0,0.786096256684492,SAMME,3,0.1776817063480251,450,most_frequent
10101.0,0.786096256684492,SAMME,4,0.013788412085443794,116,mean
10101.0,0.78475935828877,SAMME,3,0.06294861341926791,131,mean
10101.0,0.78475935828877,SAMME,4,0.18335142438007948,245,median
10101.0,0.78475935828877,SAMME,3,0.262560461801948,267,most_frequent
10101.0,0.78475935828877,SAMME,3,0.038485775219392795,241,median
10101.0,0.78475935828877,SAMME,4,0.016825785548915274,154,median
10101.0,0.78475935828877,SAMME,3,0.04348385878716404,458,median
10101.0,0.78475935828877,SAMME,4,0.011295177824992605,239,median
14952.0,0.9742198100407056,SAMME.R,9,0.21604308925656873,338,mean
14952.0,0.9742198100407056,SAMME.R,5,0.0637092336224174,480,median
14952.0,0.9742198100407056,SAMME.R,5,0.24622387343176952,172,median
14952.0,0.9741293532338308,SAMME.R,7,0.062447843437625924,337,mean
14952.0,0.9741293532338308,SAMME.R,5,0.07836932324076999,363,mean
14952.0,0.9741293532338308,SAMME.R,7,0.09625772983952448,83,most_frequent
14952.0,0.9740388964269562,SAMME.R,5,0.1115063073517235,322,most_frequent
14952.0,0.9740388964269562,SAMME.R,6,0.04991909101373323,335,median
14952.0,0.9740388964269562,SAMME.R,7,0.5069297111000767,335,most_frequent
14952.0,0.9738579828132068,SAMME.R,7,0.6826696780083342,152,mean
14952.0,0.9738579828132068,SAMME.R,4,0.45434369484073645,403,most_frequent
14952.0,0.9738579828132068,SAMME.R,4,0.6256414453724733,152,median
14952.0,0.9738579828132068,SAMME,9,0.5749466776023696,245,mean
14952.0,0.973767526006332,SAMME.R,7,0.049320186708341984,436,mean
14952.0,0.973767526006332,SAMME.R,4,0.4468349667694585,372,median
14952.0,0.9736770691994573,SAMME.R,6,0.1589859298558743,301,mean
14952.0,0.9736770691994573,SAMME.R,4,0.29677893856679066,430,mean
14952.0,0.9736770691994573,SAMME,10,0.6150875798235391,207,most_frequent
14952.0,0.9736770691994573,SAMME.R,7,0.13309938481285083,174,median
14952.0,0.9736770691994573,SAMME.R,4,0.25208115318065316,335,most_frequent
14954.0,0.8481481481481481,SAMME.R,5,1.2019900056432633,476,mean
14954.0,0.8481481481481481,SAMME,6,0.5496225867945346,363,most_frequent
14954.0,0.8481481481481481,SAMME,8,0.7320330558589921,406,median
14954.0,0.8462962962962963,SAMME,9,0.6712072966058517,393,median
14954.0,0.8462962962962963,SAMME,4,0.6898189477036555,449,median
14954.0,0.8462962962962963,SAMME,7,0.6561470997770427,179,median
14954.0,0.8462962962962963,SAMME.R,4,0.5136061063479217,422,mean
14954.0,0.8444444444444444,SAMME,7,0.6174856178173057,494,most_frequent
14954.0,0.8444444444444444,SAMME,3,1.7346354025459647,411,median
14954.0,0.8444444444444444,SAMME,7,0.25139243880897666,201,most_frequent
14954.0,0.8444444444444444,SAMME,6,1.2789062473698092,461,mean
14954.0,0.8425925925925926,SAMME.R,5,0.663448541754949,466,most_frequent
14954.0,0.8425925925925926,SAMME,7,0.5400137602010047,306,median
14954.0,0.8425925925925926,SAMME.R,4,1.691205152524212,472,most_frequent
14954.0,0.8425925925925926,SAMME,7,0.6503459311981614,68,most_frequent
14954.0,0.8425925925925926,SAMME.R,10,0.9429897886414598,401,most_frequent
14954.0,0.8425925925925926,SAMME,9,0.8526794351149796,266,median
14954.0,0.8425925925925926,SAMME,5,0.3471685372861762,498,median
14954.0,0.8407407407407408,SAMME.R,6,1.4946580040082382,143,most_frequent
14954.0,0.8407407407407408,SAMME,8,1.2647888289330855,168,median
14965.0,0.9070580168543054,SAMME.R,4,0.11050494916126954,180,most_frequent
14965.0,0.9069916613213599,SAMME.R,3,0.056471820675775324,497,most_frequent
14965.0,0.9069916613213599,SAMME,7,0.0645458942882868,321,median
14965.0,0.9068810687664507,SAMME.R,3,0.06094726042903206,438,median
14965.0,0.906814713233505,SAMME.R,3,0.0496956875250878,496,most_frequent
14965.0,0.906814713233505,SAMME.R,4,0.04984554519599426,209,median
14965.0,0.9067925947225233,SAMME.R,2,0.5427942921481922,397,median
14965.0,0.9067704762115415,SAMME.R,6,0.01295565521476717,400,mean
14965.0,0.9067704762115415,SAMME.R,4,0.02470744599126947,415,mean
14965.0,0.9067262391895778,SAMME.R,4,0.11701651075475138,273,most_frequent
14965.0,0.9067041206785958,SAMME.R,3,0.16864470103316268,427,median
14965.0,0.9063944615248503,SAMME.R,3,0.18761413383385706,59,median
14965.0,0.9063723430138683,SAMME.R,6,0.011936449857194572,392,mean
14965.0,0.9062838689699411,SAMME.R,5,0.053345678544159204,151,median
14965.0,0.9062175134369954,SAMME,6,0.043229856071948534,446,mean
14965.0,0.9061953949260136,SAMME.R,6,0.10333872010552976,65,median
14965.0,0.9061953949260136,SAMME.R,5,0.09005052124247423,65,most_frequent
14965.0,0.906129039393068,SAMME,7,0.11601536694697867,393,median
14965.0,0.9060848023711044,SAMME.R,3,0.03126819855819183,493,mean
14965.0,0.9060848023711044,SAMME.R,5,0.08236512057428293,197,median
14969.0,0.7044464701711739,SAMME,9,0.1310631205082062,413,mean
14969.0,0.7042438974982275,SAMME,10,0.13317494429762086,318,most_frequent
14969.0,0.7034336068064418,SAMME,8,0.5249244915388414,372,most_frequent
14969.0,0.7014078800769776,SAMME,10,0.5584706224380781,108,median
14969.0,0.7010027347310848,SAMME,8,0.9085673775224181,427,median
14969.0,0.6998885850298795,SAMME,10,1.115848670002365,325,median
14969.0,0.6983692899827812,SAMME,8,0.27471072128754465,495,median
14969.0,0.6976602856274688,SAMME,9,0.9528053494282509,197,most_frequent
14969.0,0.6933049731591209,SAMME,9,0.07499082541534748,337,median
14969.0,0.6913805327661298,SAMME,9,0.062094889958023106,377,mean
14969.0,0.6910766737567102,SAMME,10,0.04493502390382773,281,most_frequent
14969.0,0.6907728147472906,SAMME,8,1.2185461503145498,397,mean
14969.0,0.6893548060366657,SAMME,8,0.17185479680554264,350,most_frequent
14969.0,0.6886458016813531,SAMME,10,1.3981504573356514,422,most_frequent
14969.0,0.6885445153448799,SAMME,10,0.09175021921139298,118,mean
14969.0,0.6875316519801479,SAMME,8,0.16948524628065956,364,most_frequent
14969.0,0.6869239339613087,SAMME,8,0.09676945490850954,483,most_frequent
14969.0,0.6864175022789426,SAMME,10,0.04940673862846564,217,median
14969.0,0.6862149296059961,SAMME,10,1.4812562476838904,395,mean
14969.0,0.6858097842601033,SAMME,9,1.3471029647658386,295,most_frequent
14970.0,0.995145159724245,SAMME,5,0.1408343313714696,462,median
14970.0,0.995145159724245,SAMME,4,0.6512423480128786,360,mean
14970.0,0.9950480629187299,SAMME,4,0.33486580021778023,481,most_frequent
14970.0,0.9950480629187299,SAMME,5,0.13649687483338635,409,median
14970.0,0.9949509661132149,SAMME,8,0.4129913057564713,213,median
14970.0,0.9948538693076998,SAMME,7,0.24216200923799974,399,mean
14970.0,0.9948538693076998,SAMME,6,0.4582999689094082,204,median
14970.0,0.9946596756966696,SAMME,8,0.26087192700620676,477,most_frequent
14970.0,0.9946596756966696,SAMME,5,0.12964106189578242,402,most_frequent
14970.0,0.9945625788911545,SAMME,8,0.9896081284593246,293,median
14970.0,0.9945625788911545,SAMME,4,0.14289425959898328,493,mean
14970.0,0.9945625788911545,SAMME,5,0.17569462118049942,294,median
14970.0,0.9943683852801243,SAMME,7,0.16960715815243926,246,most_frequent
14970.0,0.9943683852801243,SAMME,8,0.22053193496309514,261,median
14970.0,0.9942712884746092,SAMME,6,0.06346755859471655,447,most_frequent
14970.0,0.9941741916690942,SAMME,8,0.25031919641662775,393,median
14970.0,0.9941741916690942,SAMME,7,0.0837370644837279,487,mean
14970.0,0.9941741916690942,SAMME,9,0.8119290674243106,417,most_frequent
14970.0,0.994077094863579,SAMME,9,0.3863031476590509,421,median
14970.0,0.994077094863579,SAMME,9,0.8865118436261856,462,median
125920.0,0.612,SAMME.R,4,0.01608677577557213,60,mean
125920.0,0.612,SAMME.R,1,0.02875842657089691,65,mean
125920.0,0.612,SAMME.R,2,0.018232426588886252,202,most_frequent
125920.0,0.61,SAMME,2,0.3021903588340949,167,median
125920.0,0.61,SAMME.R,3,0.013816871266460369,82,most_frequent
125920.0,0.61,SAMME,1,0.037307698826546845,492,median
125920.0,0.61,SAMME,1,0.13753754847811703,95,mean
125920.0,0.61,SAMME,2,0.2976387202618212,444,mean
125920.0,0.608,SAMME,3,0.34287176148743875,202,mean
125920.0,0.608,SAMME.R,6,0.022663054226462875,169,most_frequent
125920.0,0.608,SAMME,5,0.011906806080546235,319,most_frequent
125920.0,0.608,SAMME,1,0.20615248512780776,326,median
125920.0,0.606,SAMME.R,1,0.015383872152229453,209,most_frequent
125920.0,0.606,SAMME,1,0.12542815885757377,117,median
125920.0,0.606,SAMME,1,0.04892102016541143,239,median
125920.0,0.606,SAMME.R,5,0.12808968509689336,209,most_frequent
125920.0,0.606,SAMME,1,0.028994128601454516,447,most_frequent
125920.0,0.606,SAMME.R,2,0.019302421414185245,161,median
125920.0,0.604,SAMME,2,0.12773418612257076,338,most_frequent
125920.0,0.604,SAMME,1,0.5574180409469714,423,mean
125922.0,0.9894545454545455,SAMME,8,1.1081269284312785,307,median
125922.0,0.9892727272727272,SAMME,8,0.8970033783842626,251,mean
125922.0,0.9892727272727272,SAMME,9,0.2846071426058343,161,most_frequent
125922.0,0.989090909090909,SAMME,5,1.0486236261315434,353,median
125922.0,0.989090909090909,SAMME,8,0.7095084010841213,110,mean
125922.0,0.989090909090909,SAMME,8,0.25312190845900767,272,mean
125922.0,0.989090909090909,SAMME,6,0.3440282391862469,242,most_frequent
125922.0,0.989090909090909,SAMME,9,0.855008384665554,70,mean
125922.0,0.988909090909091,SAMME.R,8,1.115707900489549,310,most_frequent
125922.0,0.988909090909091,SAMME,8,0.19853470603473158,316,mean
125922.0,0.988909090909091,SAMME,7,0.7303048382339938,457,most_frequent
125922.0,0.988909090909091,SAMME,6,1.097808981468802,404,most_frequent
125922.0,0.988909090909091,SAMME,8,0.18527122753524797,471,median
125922.0,0.988909090909091,SAMME,8,1.4874169488662567,322,median
125922.0,0.988909090909091,SAMME,9,1.5266787884857491,455,mean
125922.0,0.9887272727272728,SAMME,8,0.3792000401332399,496,mean
125922.0,0.9887272727272728,SAMME,9,0.5199964001389118,305,most_frequent
125922.0,0.9887272727272728,SAMME,10,0.4759247474806893,351,mean
125922.0,0.9887272727272728,SAMME,8,0.9279347575833437,278,most_frequent
125922.0,0.9887272727272728,SAMME,9,1.7154796886245838,240,median
146195.0,0.8403718341548618,SAMME,9,1.0122019962541835,219,median
146195.0,0.8401053924833844,SAMME,8,0.5156727274580175,445,median
146195.0,0.8383735216187812,SAMME.R,10,0.10589859668069945,283,median
146195.0,0.8380478706869755,SAMME,8,1.0798690686957264,309,most_frequent
146195.0,0.8372337433574611,SAMME.R,8,0.032042320305321524,479,median
146195.0,0.83701170863123,SAMME,10,1.6123305675166721,352,mean
146195.0,0.8369524993709017,SAMME,10,0.36409102258269577,79,median
146195.0,0.8366120461240137,SAMME.R,7,0.02966128409188748,413,mean
146195.0,0.8364492206581109,SAMME.R,7,0.044931556777934055,300,most_frequent
146195.0,0.8363752090827005,SAMME.R,7,0.03920486459058464,440,median
146195.0,0.8363308021374543,SAMME,10,1.593208099673319,258,median
146195.0,0.8361383720413873,SAMME.R,9,0.06635996065681447,413,most_frequent
146195.0,0.8359903488905666,SAMME.R,8,0.021112900956911953,499,mean
146195.0,0.8355610817531861,SAMME.R,7,0.02441366151593953,432,median
146195.0,0.8354722678626938,SAMME.R,9,0.4961382962056812,396,most_frequent
146195.0,0.8354722678626938,SAMME.R,7,0.04153661695643387,404,most_frequent
146195.0,0.8350578030403955,SAMME.R,7,0.051625378392996364,380,median
146195.0,0.8349097798895747,SAMME.R,7,0.04424766894532142,372,median
146195.0,0.8346729428482615,SAMME,9,1.3065493410412967,192,mean
146195.0,0.8342584780259632,SAMME.R,9,0.029252993970484215,376,most_frequent
146800.0,1.0,SAMME,8,0.09415122260210829,178,median
146800.0,1.0,SAMME.R,5,0.28650076820163045,137,most_frequent
146800.0,1.0,SAMME.R,3,0.014974572022073189,471,mean
146800.0,1.0,SAMME,5,0.05052331866652265,263,mean
146800.0,1.0,SAMME.R,9,0.13602690858643554,92,mean
146800.0,1.0,SAMME,8,1.2931489835186039,452,most_frequent
146800.0,1.0,SAMME,5,0.8833695064922421,122,most_frequent
146800.0,1.0,SAMME,7,0.2637172241498631,105,mean
146800.0,1.0,SAMME,7,0.015863314328159656,287,mean
146800.0,1.0,SAMME.R,6,0.01959451123699379,270,most_frequent
146800.0,1.0,SAMME,8,0.017931447364699312,172,mean
146800.0,1.0,SAMME,8,0.48172665948721743,489,median
146800.0,1.0,SAMME,9,0.055620551718643656,483,mean
146800.0,1.0,SAMME,9,0.05135099503103857,126,most_frequent
146800.0,1.0,SAMME,4,0.9244829794427818,152,mean
146800.0,1.0,SAMME.R,6,0.010252702167264113,141,median
146800.0,1.0,SAMME.R,6,0.014419947888401657,489,median
146800.0,1.0,SAMME.R,9,0.09065661818362611,207,mean
146800.0,1.0,SAMME,10,0.10440520802189528,208,mean
146800.0,1.0,SAMME.R,10,1.212587462510056,137,most_frequent
146817.0,1.0,SAMME.R,2,0.389454015320561,478,most_frequent
146817.0,1.0,SAMME.R,1,0.06977261137934888,439,most_frequent
146817.0,1.0,SAMME.R,10,0.15756899177106115,439,mean
146817.0,1.0,SAMME,9,0.519926893738384,335,most_frequent
146817.0,1.0,SAMME,9,0.06142177622430328,118,most_frequent
146817.0,1.0,SAMME,6,0.032011248117342274,285,mean
146817.0,1.0,SAMME.R,8,0.016473740227896595,305,median
146817.0,1.0,SAMME.R,9,0.3520846105641145,448,most_frequent
146817.0,1.0,SAMME,4,0.02929088826526533,113,median
146817.0,1.0,SAMME.R,8,1.0111566421323754,386,mean
146817.0,1.0,SAMME.R,4,0.6357556221502889,402,median
146817.0,1.0,SAMME.R,2,1.0787732665891705,394,most_frequent
146817.0,1.0,SAMME.R,8,0.02647931372313898,333,median
146817.0,1.0,SAMME,6,0.020719656339985352,93,most_frequent
146817.0,1.0,SAMME,10,0.24096826815524527,186,median
146817.0,1.0,SAMME,9,0.08043619909330385,278,median
146817.0,1.0,SAMME.R,4,0.011459103999232398,429,median
146817.0,1.0,SAMME.R,9,0.9355013048075633,144,most_frequent
146817.0,1.0,SAMME,4,1.5095398612225879,139,median
146817.0,1.0,SAMME,6,0.11493229071026774,142,most_frequent
146819.0,0.9166666666666667,SAMME,4,0.31101552341654864,429,most_frequent
146819.0,0.9166666666666667,SAMME,6,0.20446805461478137,321,most_frequent
146819.0,0.9148148148148149,SAMME,6,0.5413280689371536,249,median
146819.0,0.9148148148148149,SAMME,1,0.05700144782267777,342,most_frequent
146819.0,0.9148148148148149,SAMME.R,8,0.9692244845564265,165,mean
146819.0,0.9148148148148149,SAMME,2,0.330056577074956,357,mean
146819.0,0.9148148148148149,SAMME.R,2,0.019099260720698126,482,median
146819.0,0.9148148148148149,SAMME,1,0.07249861959312459,357,most_frequent
146819.0,0.9148148148148149,SAMME,6,0.2798219599712365,301,most_frequent
146819.0,0.9148148148148149,SAMME,3,0.19112749099774717,270,mean
146819.0,0.9148148148148149,SAMME.R,1,0.016612654183958405,76,median
146819.0,0.9148148148148149,SAMME.R,2,0.035434923962573875,59,median
146819.0,0.9148148148148149,SAMME,6,0.7762705375621579,277,most_frequent
146819.0,0.9148148148148149,SAMME,6,1.1987339565332125,226,mean
146819.0,0.9148148148148149,SAMME,3,1.5092002974748038,76,most_frequent
146819.0,0.9148148148148149,SAMME.R,2,0.15486078508813492,261,mean
146819.0,0.9148148148148149,SAMME,3,1.2196087502970685,421,most_frequent
146819.0,0.9148148148148149,SAMME,6,0.27782276658784993,332,most_frequent
146819.0,0.9148148148148149,SAMME,4,0.39125680062858903,418,median
146819.0,0.9148148148148149,SAMME,1,0.03956117436636999,346,mean
146820.0,0.9857408555486671,SAMME.R,4,0.5580058705649865,399,mean
146820.0,0.9857408555486671,SAMME.R,3,0.9901869839319094,392,mean
146820.0,0.9857408555486671,SAMME.R,9,0.9392239377177327,262,mean
146820.0,0.9857408555486671,SAMME,7,0.22178840681520895,371,median
146820.0,0.9857408555486671,SAMME.R,3,0.6066964335290482,200,median
146820.0,0.9857408555486671,SAMME.R,6,1.0489612601865999,357,most_frequent
146820.0,0.9855342012812565,SAMME,8,1.4701742935172604,240,median
146820.0,0.9855342012812565,SAMME,7,0.02051899844986098,367,mean
146820.0,0.9855342012812565,SAMME,7,0.07998027361463055,483,most_frequent
146820.0,0.9855342012812565,SAMME,5,0.3641674344450521,261,most_frequent
146820.0,0.9855342012812565,SAMME.R,9,0.6095526773996821,282,mean
146820.0,0.9855342012812565,SAMME,6,0.4059276196490306,351,median
146820.0,0.9855342012812565,SAMME.R,5,1.1425063437059815,256,mean
146820.0,0.9855342012812565,SAMME.R,9,0.6483446449950301,299,mean
146820.0,0.9855342012812565,SAMME,7,0.27828749991623386,492,most_frequent
146820.0,0.9855342012812565,SAMME.R,8,0.6791445048631664,203,most_frequent
146820.0,0.985327547013846,SAMME.R,6,0.05343008723400905,239,median
146820.0,0.985327547013846,SAMME.R,9,1.4666897918276431,366,mean
146820.0,0.985327547013846,SAMME,7,1.801431598977432,466,mean
146820.0,0.985327547013846,SAMME.R,4,1.779969967678543,407,most_frequent
146821.0,0.9872685185185185,SAMME.R,10,0.570775223658568,262,most_frequent
146821.0,0.9872685185185185,SAMME.R,9,0.7178383599264989,64,median
146821.0,0.9872685185185185,SAMME,5,0.7619683984100188,172,most_frequent
146821.0,0.9872685185185185,SAMME,5,0.461581447668108,303,most_frequent
146821.0,0.9872685185185185,SAMME,6,1.302172259078056,185,mean
146821.0,0.9866898148148148,SAMME.R,7,0.9099617959779007,318,mean
146821.0,0.9866898148148148,SAMME,9,0.81417908900851,462,most_frequent
146821.0,0.9866898148148148,SAMME,5,0.44690754105161856,463,mean
146821.0,0.9866898148148148,SAMME.R,8,0.6589822556304338,114,most_frequent
146821.0,0.9866898148148148,SAMME,6,0.30437656049936884,382,median
146821.0,0.9866898148148148,SAMME,6,0.27266531802969207,495,mean
146821.0,0.9866898148148148,SAMME.R,7,0.5364526206507496,195,most_frequent
146821.0,0.9861111111111112,SAMME,6,0.4121305251584946,359,mean
146821.0,0.9861111111111112,SAMME,10,0.7625721901969289,267,median
146821.0,0.9855324074074074,SAMME,8,0.6926186305590535,457,most_frequent
146821.0,0.9855324074074074,SAMME.R,7,0.5800451483586754,59,most_frequent
146821.0,0.9855324074074074,SAMME,7,1.1794051177270453,382,most_frequent
146821.0,0.9855324074074074,SAMME,7,1.0027049711478733,126,mean
146821.0,0.9849537037037037,SAMME,5,0.6384394145474251,163,median
146821.0,0.9849537037037037,SAMME,8,1.5991169776019547,406,most_frequent
146824.0,0.9795,SAMME,9,0.2728365297566189,401,most_frequent
146824.0,0.9795,SAMME,10,0.5993553421299525,429,median
146824.0,0.9795,SAMME,9,0.7204319313672921,416,median
146824.0,0.9795,SAMME,7,1.375566414545144,476,mean
146824.0,0.9795,SAMME,7,0.22491088526071054,202,mean
146824.0,0.9790000000000001,SAMME,10,0.7472103713547141,407,median
146824.0,0.9790000000000001,SAMME,8,0.4358754609629644,381,mean
146824.0,0.9790000000000001,SAMME,8,0.7421753831192512,354,most_frequent
146824.0,0.9790000000000001,SAMME,7,0.552701619314731,340,mean
146824.0,0.9790000000000001,SAMME,6,1.0039621268296237,308,mean
146824.0,0.9790000000000001,SAMME,10,0.6362386816116417,385,mean
146824.0,0.9790000000000001,SAMME,6,0.2585219686524683,210,most_frequent
146824.0,0.9784999999999999,SAMME,7,0.21377065224713,467,mean
146824.0,0.9784999999999999,SAMME,10,1.3245164910968137,348,most_frequent
146824.0,0.9784999999999999,SAMME,8,0.8652536420285686,305,most_frequent
146824.0,0.978,SAMME,6,0.6007321243564928,69,most_frequent
146824.0,0.978,SAMME,8,0.28280740646137564,349,median
146824.0,0.978,SAMME,10,0.5782258987136125,215,most_frequent
146824.0,0.978,SAMME,5,0.548071886202242,380,median
146824.0,0.978,SAMME,9,1.5159777184531795,176,most_frequent
167125.0,0.9759072888075633,SAMME,10,0.14195595185915003,339,most_frequent
167125.0,0.9759072888075633,SAMME,9,0.05558043296089324,275,mean
167125.0,0.9759072888075633,SAMME,7,0.9150526482493987,390,median
167125.0,0.9756023177798109,SAMME,6,0.27086826787043217,455,median
167125.0,0.9756023177798109,SAMME,6,0.3015227906101995,311,mean
167125.0,0.9756023177798109,SAMME,8,0.08373795501275018,191,most_frequent
167125.0,0.9752973467520586,SAMME.R,1,0.39757041166475743,351,most_frequent
167125.0,0.9752973467520586,SAMME,8,0.7776350706977296,149,most_frequent
167125.0,0.9752973467520586,SAMME,9,0.6163086219704393,459,median
167125.0,0.9752973467520586,SAMME,10,0.16304615790705085,259,mean
167125.0,0.9749923757243062,SAMME,4,1.1833194523991217,446,median
167125.0,0.9743824336688014,SAMME,6,0.5229329081491368,359,most_frequent
167125.0,0.9740774626410491,SAMME.R,2,0.08941484778103331,407,mean
167125.0,0.9740774626410491,SAMME.R,3,1.660374251266664,475,median
167125.0,0.9740774626410491,SAMME,5,0.6586436388998942,487,most_frequent
167125.0,0.9740774626410491,SAMME,6,0.08250503669051357,327,mean
167125.0,0.9740774626410491,SAMME,7,0.04627873722720734,473,mean
167125.0,0.9737724916132967,SAMME,4,0.1242401579505568,406,most_frequent
167125.0,0.9737724916132967,SAMME,8,0.02042126029893263,399,mean
167125.0,0.9737724916132967,SAMME,8,1.1386222605163525,253,median
