task_id,predictive_accuracy,classifier__bootstrap,classifier__criterion,classifier__max_features,classifier__min_samples_leaf,classifier__min_samples_split,imputation__strategy
3.0,0.9965581977471839,False,entropy,0.3271241431655659,1,2,mean
3.0,0.9965581977471839,False,entropy,0.46957940638124585,1,2,mean
3.0,0.9962453066332917,True,entropy,0.5241837223334499,1,4,median
3.0,0.9962453066332917,False,gini,0.3741504110298347,1,19,most_frequent
3.0,0.9962453066332917,False,gini,0.8904267970730987,1,2,mean
3.0,0.9962453066332917,True,gini,0.5300443036424823,1,7,mean
3.0,0.9962453066332917,False,gini,0.3328524122071349,1,11,most_frequent
3.0,0.9962453066332917,False,gini,0.32951517165572375,1,13,most_frequent
3.0,0.9959324155193993,True,entropy,0.45369329148302284,1,3,mean
3.0,0.9959324155193993,True,entropy,0.4749311679171846,1,5,mean
3.0,0.9959324155193993,False,gini,0.3906231910839968,1,20,median
3.0,0.9959324155193993,False,entropy,0.4263001972148842,1,4,median
3.0,0.9959324155193993,False,gini,0.5827146670517016,1,11,mean
3.0,0.9959324155193993,True,entropy,0.41989995662781854,1,4,mean
3.0,0.9959324155193993,False,gini,0.8488713454353126,1,5,most_frequent
3.0,0.9959324155193993,True,gini,0.6542063535226531,1,8,median
3.0,0.9959324155193993,False,entropy,0.44976049205053636,1,5,median
3.0,0.9959324155193993,False,gini,0.35373113073787665,1,4,mean
3.0,0.9959324155193993,True,entropy,0.7650723669004748,1,11,median
3.0,0.9959324155193993,False,entropy,0.34886657809367816,1,8,mean
6.0,0.9679000000000001,False,gini,0.31333556910736127,1,3,most_frequent
6.0,0.9678,False,gini,0.3041569342865074,1,3,most_frequent
6.0,0.96765,False,entropy,0.16302459597833163,1,3,mean
6.0,0.96745,False,entropy,0.18712610040064456,1,4,median
6.0,0.9673,False,gini,0.19015818189266778,1,7,mean
6.0,0.9671,False,entropy,0.4151912331294789,1,3,mean
6.0,0.96705,False,gini,0.21837882082818574,1,6,median
6.0,0.96695,False,gini,0.38732154990957113,1,2,median
6.0,0.96695,False,gini,0.227060020030385,2,3,most_frequent
6.0,0.9667,True,gini,0.23520258612164,1,3,median
6.0,0.96665,False,gini,0.31525068615279334,1,3,median
6.0,0.96655,True,gini,0.20197101505242454,1,2,mean
6.0,0.9664499999999999,False,entropy,0.16496261231127118,1,6,most_frequent
6.0,0.9664499999999999,False,gini,0.2481112562376062,2,5,mean
6.0,0.9664,False,entropy,0.16273673726143123,1,5,median
6.0,0.96635,False,gini,0.3044809595015504,2,5,most_frequent
6.0,0.9662999999999999,False,entropy,0.36031770888165016,1,4,median
6.0,0.9662999999999999,False,entropy,0.4529576780071045,1,2,median
6.0,0.9662000000000001,False,entropy,0.19565009564594427,2,5,median
6.0,0.96595,False,entropy,0.22793605797957728,2,2,mean
11.0,0.8912,True,gini,0.18163659174162758,4,4,most_frequent
11.0,0.8912,True,gini,0.3274496545946032,4,15,most_frequent
11.0,0.8912,True,entropy,0.18028832436438702,4,9,most_frequent
11.0,0.8912,True,gini,0.22113233823947437,11,9,most_frequent
11.0,0.8912,True,gini,0.12547737735230424,4,16,mean
11.0,0.8912,True,gini,0.3066210491227846,2,19,most_frequent
11.0,0.8912,True,gini,0.4321975089015987,7,19,most_frequent
11.0,0.8896,True,entropy,0.14742454063890362,10,13,most_frequent
11.0,0.8896,True,gini,0.14420609692407044,2,15,most_frequent
11.0,0.8896,True,gini,0.1585678303831311,5,11,mean
11.0,0.8896,True,gini,0.19678972387066596,9,19,mean
11.0,0.8896,True,entropy,0.4483505506761357,7,13,median
11.0,0.8896,True,entropy,0.46117091789975917,6,12,most_frequent
11.0,0.8896,True,gini,0.42807370909168285,4,17,mean
11.0,0.8896,True,entropy,0.46041022369028706,8,11,most_frequent
11.0,0.8896,True,gini,0.3664583841519111,5,17,mean
11.0,0.8896,True,gini,0.35809860326371357,7,3,median
11.0,0.8896,True,gini,0.2117714185784939,11,13,mean
11.0,0.8896,True,entropy,0.1656635877185514,1,19,mean
11.0,0.8896,True,gini,0.43056893773406635,12,2,median
12.0,0.966,True,entropy,0.24674486176121002,2,5,median
12.0,0.9655,False,entropy,0.206404406962702,6,2,mean
12.0,0.9655,True,entropy,0.31694692141648384,4,2,median
12.0,0.9655,True,entropy,0.2715622099972748,1,19,most_frequent
12.0,0.9655,False,entropy,0.3444755613979784,1,9,most_frequent
12.0,0.965,True,entropy,0.503782966511247,1,4,median
12.0,0.965,False,entropy,0.21370946074312291,6,5,median
12.0,0.965,True,entropy,0.28857197734473206,1,9,mean
12.0,0.965,True,entropy,0.5657421681292848,1,5,mean
12.0,0.9645,False,gini,0.12795224845563535,4,8,most_frequent
12.0,0.9645,False,entropy,0.30735485077388114,1,18,most_frequent
12.0,0.9640000000000001,False,entropy,0.17050377344033985,4,4,mean
12.0,0.9640000000000001,True,entropy,0.24166859490536582,2,3,median
12.0,0.9640000000000001,False,gini,0.14569566040849297,2,9,most_frequent
12.0,0.9640000000000001,True,entropy,0.15344929340893368,1,5,most_frequent
12.0,0.9640000000000001,False,entropy,0.18819171077048039,5,8,median
12.0,0.9640000000000001,False,entropy,0.12483086697502604,3,18,median
12.0,0.9640000000000001,False,entropy,0.18468217059061331,5,7,median
12.0,0.9634999999999999,True,entropy,0.4517457045332661,3,11,mean
12.0,0.9634999999999999,True,entropy,0.2875620391875424,3,8,mean
14.0,0.8434999999999999,True,entropy,0.218440904154203,2,6,median
14.0,0.8434999999999999,False,entropy,0.3956161892105994,2,8,most_frequent
14.0,0.843,False,gini,0.11717275387548992,2,12,mean
14.0,0.8425,False,gini,0.19116746319167258,3,9,median
14.0,0.8425,False,entropy,0.17890870879860232,3,16,most_frequent
14.0,0.8420000000000001,False,entropy,0.38889954158496554,5,2,mean
14.0,0.8420000000000001,False,entropy,0.19485593131371248,2,18,mean
14.0,0.8415,True,entropy,0.410834538924977,1,3,mean
14.0,0.8415,True,entropy,0.22577268278533877,1,9,most_frequent
14.0,0.841,False,entropy,0.1604211742786455,3,14,mean
14.0,0.8405,False,gini,0.3290719386778439,1,6,mean
14.0,0.8405,False,entropy,0.4315760150516019,4,18,mean
14.0,0.8405,False,gini,0.1339936106088323,2,13,median
14.0,0.84,False,entropy,0.11253396729237802,1,13,mean
14.0,0.8395,False,gini,0.13241021845151046,1,2,most_frequent
14.0,0.8395,False,gini,0.36381216451152254,1,12,most_frequent
14.0,0.8395,False,entropy,0.2197323400135522,7,10,mean
14.0,0.8395,True,entropy,0.3013436274620308,2,9,most_frequent
14.0,0.8395,False,entropy,0.36325630472030335,4,2,mean
14.0,0.8384999999999999,False,gini,0.4227289481788866,1,4,mean
15.0,0.9742489270386266,True,entropy,0.12281886794286434,5,8,mean
15.0,0.9742489270386266,False,entropy,0.15600478228097858,10,7,most_frequent
15.0,0.9742489270386266,True,entropy,0.20843439366202807,20,3,most_frequent
15.0,0.9742489270386266,True,entropy,0.16629623054623527,9,19,median
15.0,0.9742489270386266,True,entropy,0.20957956121489918,2,7,most_frequent
15.0,0.9742489270386266,False,gini,0.20432378421888775,8,7,most_frequent
15.0,0.9742489270386266,True,entropy,0.2056104091610318,4,16,median
15.0,0.9742489270386266,False,gini,0.1610329277932052,7,20,median
15.0,0.9742489270386266,False,gini,0.24556752081864702,6,13,median
15.0,0.9742489270386266,True,gini,0.20565971541976494,11,18,median
15.0,0.9742489270386266,False,entropy,0.215218920681858,13,5,most_frequent
15.0,0.9742489270386266,False,entropy,0.13955751565163005,15,6,most_frequent
15.0,0.9742489270386266,True,gini,0.29874778513113376,7,19,most_frequent
15.0,0.9742489270386266,True,entropy,0.20961496652423534,3,18,mean
15.0,0.9742489270386266,False,gini,0.20560836225502543,6,16,most_frequent
15.0,0.9742489270386266,True,gini,0.14840555205911068,7,14,mean
15.0,0.9742489270386266,True,gini,0.13093396425089604,4,16,most_frequent
15.0,0.9742489270386266,False,gini,0.12992949942652088,7,13,mean
15.0,0.9742489270386266,False,gini,0.11590209520805672,12,15,mean
15.0,0.9742489270386266,False,gini,0.1976335356163994,7,15,median
16.0,0.9570000000000001,True,gini,0.21200292375987706,2,6,median
16.0,0.9570000000000001,False,gini,0.15573984113762301,3,11,median
16.0,0.9570000000000001,True,gini,0.30776446590547946,3,7,median
16.0,0.9565,True,entropy,0.11628215525110619,4,9,most_frequent
16.0,0.956,False,gini,0.20988436653976575,6,9,median
16.0,0.956,True,entropy,0.1581751934725607,2,11,most_frequent
16.0,0.9555,False,gini,0.3273001329422927,1,2,median
16.0,0.9555,False,gini,0.23364824490563302,8,8,most_frequent
16.0,0.9555,False,gini,0.1215008062123621,6,15,median
16.0,0.9555,False,entropy,0.20880096320393832,2,10,mean
16.0,0.955,False,entropy,0.12261485557135021,3,18,most_frequent
16.0,0.955,True,gini,0.12801914379359208,6,8,mean
16.0,0.9545,True,gini,0.11956501409474579,2,10,mean
16.0,0.9545,True,entropy,0.22634120948210124,2,5,median
16.0,0.9545,False,entropy,0.2690906288141679,3,3,most_frequent
16.0,0.9545,False,entropy,0.13026733107176655,4,11,median
16.0,0.9540000000000001,False,gini,0.11184417759082699,7,5,median
16.0,0.9540000000000001,True,entropy,0.17129276096252494,3,11,most_frequent
16.0,0.9540000000000001,False,entropy,0.11312699907599777,7,14,most_frequent
16.0,0.9534999999999999,True,gini,0.22509389984723047,3,13,mean
18.0,0.7190000000000001,True,entropy,0.7383149109266958,2,19,median
18.0,0.7190000000000001,False,gini,0.3836241172895988,12,2,mean
18.0,0.7190000000000001,True,entropy,0.348057267880727,4,2,most_frequent
18.0,0.7190000000000001,True,entropy,0.6761234668151236,6,20,most_frequent
18.0,0.7190000000000001,True,gini,0.2686400595023984,2,10,most_frequent
18.0,0.7184999999999999,False,entropy,0.3458493631647702,8,6,most_frequent
18.0,0.7184999999999999,False,gini,0.6334310620994157,16,2,mean
18.0,0.7184999999999999,True,gini,0.8278298022114474,11,18,median
18.0,0.7184999999999999,True,entropy,0.4129905263830247,8,8,median
18.0,0.7184999999999999,False,gini,0.4419635936128754,7,14,most_frequent
18.0,0.7184999999999999,True,entropy,0.871503028203046,11,8,mean
18.0,0.7184999999999999,False,gini,0.44219168320542923,11,2,most_frequent
18.0,0.718,True,entropy,0.3402891747296348,7,9,mean
18.0,0.718,False,entropy,0.5683414294760122,13,8,most_frequent
18.0,0.718,False,gini,0.6392355587060742,17,8,most_frequent
18.0,0.718,True,gini,0.7842581800756221,10,14,most_frequent
18.0,0.718,True,gini,0.40789417079145807,5,8,mean
18.0,0.718,True,entropy,0.8982960922187473,7,10,most_frequent
18.0,0.718,False,gini,0.6360766643106837,15,17,median
18.0,0.718,True,gini,0.8527762209929107,14,2,mean
22.0,0.7715000000000001,True,entropy,0.20395440199524356,1,4,mean
22.0,0.7709999999999999,False,entropy,0.42166567829652024,1,6,most_frequent
22.0,0.77,False,gini,0.4026958808800145,3,8,most_frequent
22.0,0.77,False,gini,0.3737004268014714,2,13,most_frequent
22.0,0.7695000000000001,True,gini,0.2577540605726297,1,13,median
22.0,0.7695000000000001,False,gini,0.2168497275463798,4,6,median
22.0,0.769,False,gini,0.13471391585576226,4,10,mean
22.0,0.769,False,gini,0.11899110510261748,1,19,median
22.0,0.769,False,gini,0.14214977948257668,5,6,median
22.0,0.769,False,gini,0.19084248763438874,4,8,most_frequent
22.0,0.7685,True,gini,0.3904266107711515,1,9,mean
22.0,0.7685,True,gini,0.17641800592381252,1,15,most_frequent
22.0,0.7685,True,entropy,0.14728557410779342,3,3,most_frequent
22.0,0.768,False,gini,0.392736506840071,4,7,median
22.0,0.7675,False,entropy,0.36409679731056843,3,9,median
22.0,0.7675,True,entropy,0.20345955561969423,2,8,most_frequent
22.0,0.767,False,entropy,0.11010493496518628,7,10,mean
22.0,0.767,False,gini,0.3031101461573359,5,6,most_frequent
22.0,0.7659999999999999,False,entropy,0.1320869750841296,6,14,mean
22.0,0.7659999999999999,False,entropy,0.2365627197317447,4,15,most_frequent
23.0,0.5668703326544466,False,entropy,0.7345763385309506,20,14,most_frequent
23.0,0.5668703326544466,False,entropy,0.7303600093177205,18,20,mean
23.0,0.5668703326544466,False,entropy,0.7629785805800389,18,8,most_frequent
23.0,0.5668703326544466,True,gini,0.7194459436491212,16,16,median
23.0,0.5668703326544466,True,entropy,0.59085827825234,16,18,mean
23.0,0.5668703326544466,False,entropy,0.7311116368425358,18,11,median
23.0,0.5668703326544466,False,gini,0.40530467025705663,17,18,median
23.0,0.5668703326544466,True,entropy,0.6381892269778308,18,7,most_frequent
23.0,0.5668703326544466,True,entropy,0.6637379191205351,8,11,most_frequent
23.0,0.5668703326544466,True,entropy,0.4782882335339752,9,9,median
23.0,0.5661914460285132,False,entropy,0.5584821497008106,19,6,mean
23.0,0.5655125594025797,False,entropy,0.3723422618127824,17,15,most_frequent
23.0,0.5655125594025797,True,gini,0.7239008752401028,16,15,median
23.0,0.5655125594025797,True,gini,0.8571806376218009,20,18,most_frequent
23.0,0.5655125594025797,True,gini,0.41089140517938416,12,16,median
23.0,0.5648336727766463,False,entropy,0.7411608455259454,12,17,median
23.0,0.5648336727766463,False,gini,0.4420859924743492,19,17,mean
23.0,0.5648336727766463,True,entropy,0.7978102763195992,19,3,mean
23.0,0.5648336727766463,True,entropy,0.5801861578415689,13,9,most_frequent
23.0,0.5648336727766463,False,entropy,0.7004758400290172,13,15,most_frequent
28.0,0.9814946619217082,False,entropy,0.32687706641868786,3,3,median
28.0,0.9811387900355872,False,gini,0.1482824501671418,3,13,median
28.0,0.9807829181494663,True,entropy,0.18426324099515767,3,8,most_frequent
28.0,0.9807829181494663,False,gini,0.14487346535541168,5,11,median
28.0,0.9806049822064057,False,gini,0.11627173190591532,6,10,most_frequent
28.0,0.9804270462633453,False,entropy,0.27146321795510514,3,4,mean
28.0,0.9802491103202847,False,entropy,0.19889968307540498,4,15,mean
28.0,0.9800711743772241,False,gini,0.22045918826332767,3,17,mean
28.0,0.9800711743772241,True,entropy,0.1681128413567044,2,12,mean
28.0,0.9800711743772241,True,entropy,0.29817795875059205,2,8,most_frequent
28.0,0.9798932384341638,True,gini,0.2197957853508041,3,3,most_frequent
28.0,0.9793594306049822,False,entropy,0.172765940750499,6,13,median
28.0,0.9793594306049822,False,entropy,0.445272913414435,3,4,median
28.0,0.9793594306049822,False,entropy,0.13475506051367409,4,14,median
28.0,0.9793594306049822,True,entropy,0.1725425087050148,1,12,most_frequent
28.0,0.9793594306049822,False,gini,0.15871730017355923,7,10,mean
28.0,0.9791814946619217,False,entropy,0.38409484868688903,1,14,median
28.0,0.9791814946619217,False,gini,0.29762240180471256,5,10,most_frequent
28.0,0.9791814946619217,False,entropy,0.12141555735276528,7,2,mean
28.0,0.9791814946619217,False,entropy,0.2033111596064437,5,7,mean
29.0,0.8782608695652173,True,entropy,0.4605428467228261,3,5,mean
29.0,0.8782608695652173,True,entropy,0.7306338379508238,4,2,mean
29.0,0.8782608695652173,True,gini,0.7760744709607249,3,11,mean
29.0,0.8782608695652173,True,entropy,0.8291020217011263,5,9,mean
29.0,0.8782608695652173,True,gini,0.6233033156202046,5,9,median
29.0,0.8782608695652173,True,entropy,0.3784959282992232,2,6,mean
29.0,0.8782608695652173,True,gini,0.529913560582229,3,7,median
29.0,0.8782608695652173,True,gini,0.6200578644365714,1,16,mean
29.0,0.8782608695652173,True,gini,0.6703109402232056,3,2,mean
29.0,0.8782608695652173,True,gini,0.3394654560629752,6,7,median
29.0,0.8768115942028986,True,gini,0.8198579765329613,6,3,mean
29.0,0.8768115942028986,True,gini,0.5390827731459225,2,11,mean
29.0,0.8768115942028986,True,entropy,0.726333657928713,6,13,mean
29.0,0.8768115942028986,True,entropy,0.6224126955930909,3,6,mean
29.0,0.8768115942028986,False,gini,0.35859927912768286,4,7,mean
29.0,0.8768115942028986,True,gini,0.405046899854834,3,9,mean
29.0,0.8768115942028986,True,gini,0.489115514572079,2,6,mean
29.0,0.8768115942028986,True,gini,0.5878955583600741,4,8,median
29.0,0.8768115942028986,True,entropy,0.6492548985592171,3,4,mean
29.0,0.8768115942028986,True,entropy,0.6504808139572582,4,5,mean
31.0,0.774,True,entropy,0.4462470295808715,1,4,most_frequent
31.0,0.774,True,entropy,0.2697628608368222,1,16,median
31.0,0.774,True,gini,0.7094063292394396,1,14,median
31.0,0.774,True,entropy,0.5678405964422021,3,15,mean
31.0,0.773,False,entropy,0.18151571907323236,7,14,mean
31.0,0.773,True,entropy,0.39600565662741294,2,7,most_frequent
31.0,0.773,True,gini,0.4331195644125939,6,4,median
31.0,0.773,True,entropy,0.45024185811678685,2,18,mean
31.0,0.773,False,gini,0.21277348781429417,3,13,median
31.0,0.773,True,gini,0.23786797561012235,2,4,most_frequent
31.0,0.773,False,gini,0.23934600088584138,7,6,most_frequent
31.0,0.773,True,entropy,0.542919316680544,4,14,mean
31.0,0.773,True,entropy,0.6895522289127677,1,10,median
31.0,0.773,True,entropy,0.3265453327439072,5,14,mean
31.0,0.772,False,gini,0.20450505546339262,6,18,median
31.0,0.772,True,entropy,0.6843595775483963,1,20,median
31.0,0.772,True,gini,0.33080050090305746,6,18,most_frequent
31.0,0.772,True,entropy,0.46461516315032436,6,9,median
31.0,0.772,True,entropy,0.556106213130174,3,12,mean
31.0,0.772,True,entropy,0.1942764359894815,2,11,most_frequent
32.0,0.9911754002911208,False,entropy,0.2504297995494562,2,9,median
32.0,0.9909024745269286,False,entropy,0.2670820074286462,3,12,median
32.0,0.990811499272198,False,entropy,0.3166714677428798,2,12,mean
32.0,0.9907205240174674,False,entropy,0.26747737093406,4,5,median
32.0,0.9906295487627365,False,gini,0.44130998395065013,1,10,median
32.0,0.9904475982532752,True,gini,0.26085960206731623,2,9,median
32.0,0.9904475982532752,True,gini,0.19252749129924204,1,4,mean
32.0,0.9903566229985443,False,gini,0.31229647407419026,2,17,most_frequent
32.0,0.9903566229985443,False,gini,0.5544964517685379,1,6,median
32.0,0.9903566229985443,False,gini,0.19986764708325344,3,16,most_frequent
32.0,0.9902656477438136,False,gini,0.21747344369910915,4,11,median
32.0,0.9902656477438136,False,entropy,0.28852632430139097,6,3,mean
32.0,0.9902656477438136,False,gini,0.2317767990118716,4,10,most_frequent
32.0,0.9901746724890831,False,entropy,0.16204138654313383,3,4,median
32.0,0.9901746724890831,False,gini,0.33169353920234795,3,9,mean
32.0,0.9900836972343522,False,entropy,0.41927183171908455,5,6,most_frequent
32.0,0.9899927219796215,True,entropy,0.8391418416034149,1,4,mean
32.0,0.9899927219796215,True,entropy,0.33609565640540984,1,10,most_frequent
32.0,0.9899927219796215,True,entropy,0.7885346941261705,1,8,most_frequent
32.0,0.989901746724891,False,gini,0.47171720237771975,4,7,most_frequent
37.0,0.7799479166666667,False,gini,0.4668442343105498,2,20,most_frequent
37.0,0.7799479166666667,False,gini,0.5706513420940119,16,3,median
37.0,0.7799479166666667,True,gini,0.7607048940053546,2,5,median
37.0,0.7799479166666667,True,gini,0.47392887713820075,7,17,most_frequent
37.0,0.7799479166666667,False,gini,0.42763308566183356,13,3,median
37.0,0.7799479166666667,False,gini,0.4778139418137456,6,15,median
37.0,0.7799479166666667,True,gini,0.3335010740771649,3,7,median
37.0,0.7799479166666667,False,gini,0.38732994477454996,12,12,median
37.0,0.7799479166666667,True,entropy,0.5070872562761594,2,18,median
37.0,0.7799479166666667,False,gini,0.2617229904507534,4,6,median
37.0,0.7799479166666667,False,gini,0.44200575703391864,13,10,most_frequent
37.0,0.7799479166666667,False,gini,0.3688453358560778,8,9,median
37.0,0.7799479166666667,True,entropy,0.862710104665634,1,10,median
37.0,0.7799479166666667,True,gini,0.868868744212218,1,5,mean
37.0,0.7786458333333333,True,gini,0.8744663081187813,3,10,most_frequent
37.0,0.7786458333333333,True,entropy,0.8478092955642108,6,13,mean
37.0,0.7786458333333333,False,gini,0.49226023410887887,6,4,median
37.0,0.7786458333333333,False,gini,0.3027150618957999,15,17,most_frequent
37.0,0.7786458333333333,True,entropy,0.40147718556498047,2,11,median
37.0,0.7786458333333333,True,gini,0.6861518588066875,6,12,most_frequent
43.0,0.9528363399261031,False,entropy,0.275326367524676,2,20,median
43.0,0.9521843077591828,False,entropy,0.28141902304617905,3,12,most_frequent
43.0,0.9519669637035427,False,entropy,0.466732381689681,1,15,most_frequent
43.0,0.9519669637035427,True,entropy,0.22544509349075936,1,6,mean
43.0,0.9515322755922625,False,entropy,0.16121367715723098,5,11,mean
43.0,0.9513149315366225,False,gini,0.45176454857729276,1,4,mean
43.0,0.9513149315366225,True,entropy,0.29362827663508284,2,2,mean
43.0,0.9510975874809824,False,entropy,0.2023705364824264,5,6,median
43.0,0.9510975874809824,False,gini,0.20519047566994902,1,12,median
43.0,0.9508802434253423,True,gini,0.2189487077230739,1,8,median
43.0,0.9508802434253423,False,entropy,0.4474445117433836,1,16,mean
43.0,0.9508802434253423,False,entropy,0.1410438354028,4,8,most_frequent
43.0,0.9508802434253423,False,gini,0.28186969430382885,1,6,mean
43.0,0.9506628993697022,True,entropy,0.7882174005378482,1,7,mean
43.0,0.9506628993697022,False,gini,0.3642096258314872,1,5,most_frequent
43.0,0.9506628993697022,False,entropy,0.44154632382101977,3,10,median
43.0,0.9506628993697022,False,gini,0.3679961651833512,1,7,mean
43.0,0.9504455553140622,False,entropy,0.12122301175547952,5,11,most_frequent
43.0,0.9504455553140622,True,entropy,0.3551597020416496,1,9,mean
43.0,0.9502282112584222,True,entropy,0.44363375921298753,2,3,mean
45.0,0.9605015673981191,False,entropy,0.36232482773533337,3,7,mean
45.0,0.9601880877742947,False,gini,0.33599398360760535,1,13,mean
45.0,0.9601880877742947,True,entropy,0.17655203005724296,6,20,mean
45.0,0.9601880877742947,False,entropy,0.17787207770276334,6,20,most_frequent
45.0,0.9601880877742947,False,gini,0.1210260782314852,14,14,mean
45.0,0.9601880877742947,False,entropy,0.12612463707353447,11,13,median
45.0,0.9598746081504701,False,entropy,0.16904496218490764,11,3,mean
45.0,0.9598746081504701,True,entropy,0.22262132817963956,1,13,mean
45.0,0.9598746081504701,True,gini,0.1701926213753665,3,6,mean
45.0,0.9598746081504701,True,entropy,0.2787811513455088,1,3,mean
45.0,0.9598746081504701,False,entropy,0.363192903976134,3,9,most_frequent
45.0,0.9598746081504701,False,gini,0.25950856052234483,5,5,median
45.0,0.9598746081504701,False,gini,0.11179821083513036,10,18,most_frequent
45.0,0.9598746081504701,True,entropy,0.14836470727722945,3,16,most_frequent
45.0,0.9598746081504701,True,entropy,0.1733698020225079,6,8,mean
45.0,0.9595611285266458,False,entropy,0.12660621378217396,17,19,mean
45.0,0.9595611285266458,True,gini,0.2365426180260909,1,18,median
45.0,0.9595611285266458,False,entropy,0.38813745176602055,3,2,mean
45.0,0.9595611285266458,True,entropy,0.16648827843379632,5,2,median
45.0,0.9595611285266458,False,gini,0.31293200142318445,1,3,mean
49.0,0.9916492693110648,False,entropy,0.2571463698912948,1,8,most_frequent
49.0,0.9916492693110648,True,gini,0.2987989437160836,1,4,most_frequent
49.0,0.9916492693110648,True,gini,0.7541779197434595,2,5,most_frequent
49.0,0.9916492693110648,True,entropy,0.7545297571712245,3,3,median
49.0,0.9916492693110648,False,entropy,0.35077641490641764,2,4,median
49.0,0.9906054279749478,False,entropy,0.35497438050429675,3,2,median
49.0,0.9906054279749478,True,entropy,0.4253571315638145,1,9,mean
49.0,0.9906054279749478,True,entropy,0.6265576883353509,2,4,median
49.0,0.9906054279749478,True,gini,0.3418834883014352,2,4,median
49.0,0.9906054279749478,True,gini,0.28428706729353453,1,2,median
49.0,0.9906054279749478,False,entropy,0.3471675105886576,3,10,median
49.0,0.9906054279749478,True,gini,0.5071673166548193,3,2,mean
49.0,0.9906054279749478,False,gini,0.24662454316504814,1,10,median
49.0,0.9906054279749478,True,entropy,0.4921459636397667,3,4,most_frequent
49.0,0.9906054279749478,True,entropy,0.6529061877613402,1,7,mean
49.0,0.9906054279749478,True,entropy,0.5387838597171043,4,3,median
49.0,0.9906054279749478,True,entropy,0.48419900060599985,2,4,most_frequent
49.0,0.9906054279749478,True,gini,0.5271058374448092,3,3,median
49.0,0.9906054279749478,True,gini,0.7313991950631933,2,4,most_frequent
49.0,0.9906054279749478,True,entropy,0.6526346590483804,2,3,mean
53.0,0.7588652482269503,False,entropy,0.4145446320384396,1,5,median
53.0,0.7588652482269503,False,entropy,0.45003830572007153,1,2,median
53.0,0.7588652482269503,False,entropy,0.443833112568932,2,2,median
53.0,0.7588652482269503,False,entropy,0.37994590160064856,2,5,median
53.0,0.7576832151300237,False,gini,0.2966090384154466,1,10,mean
53.0,0.7576832151300237,False,entropy,0.6058407794073992,4,6,most_frequent
53.0,0.7576832151300237,False,entropy,0.43987746809931294,1,4,mean
53.0,0.7576832151300237,False,entropy,0.45423009112922486,1,7,mean
53.0,0.7565011820330969,False,entropy,0.4801687954439252,1,8,most_frequent
53.0,0.7565011820330969,False,entropy,0.3188269062875684,3,5,most_frequent
53.0,0.7565011820330969,False,entropy,0.33475237772537825,3,8,mean
53.0,0.7565011820330969,False,entropy,0.15277634223695122,2,2,mean
53.0,0.7553191489361702,False,entropy,0.32857215423237696,1,16,most_frequent
53.0,0.7553191489361702,False,entropy,0.49260436061875734,3,10,most_frequent
53.0,0.7553191489361702,True,gini,0.4898270092529525,1,9,most_frequent
53.0,0.7553191489361702,True,entropy,0.5537966907651378,2,15,median
53.0,0.7553191489361702,False,gini,0.5376133108570409,1,6,most_frequent
53.0,0.7553191489361702,False,gini,0.35484647467714325,2,9,most_frequent
53.0,0.7553191489361702,False,entropy,0.4311251949980176,2,6,median
53.0,0.7541371158392436,False,entropy,0.7208440395829323,4,12,median
219.0,0.9300847457627118,False,gini,0.6499249535818391,1,9,median
219.0,0.929930261299435,False,gini,0.5093052885122076,1,6,median
219.0,0.9291799081920904,False,entropy,0.8083170203125721,5,11,most_frequent
219.0,0.9288709392655368,False,entropy,0.5239382923066958,2,9,most_frequent
219.0,0.9284516242937854,False,entropy,0.7039472294382693,5,12,median
219.0,0.9268185028248588,False,entropy,0.7604823632746607,6,6,median
219.0,0.9264212570621468,False,gini,0.7540367606713064,4,5,most_frequent
219.0,0.9264212570621468,False,gini,0.8653848463673477,1,4,most_frequent
219.0,0.9264212570621468,False,entropy,0.799512412774438,6,4,mean
219.0,0.9263771186440678,False,entropy,0.7549938597641868,6,6,most_frequent
219.0,0.926222634180791,False,entropy,0.8514361884793803,6,10,most_frequent
219.0,0.925979872881356,False,entropy,0.6941162821615792,6,5,median
219.0,0.9259578036723164,False,entropy,0.8838387265462729,5,4,median
219.0,0.9254060734463277,False,gini,0.6791034578291433,4,9,median
219.0,0.9248764124293786,False,gini,0.5266429921201475,3,3,median
219.0,0.9243908898305085,False,gini,0.4479054689512386,2,6,most_frequent
219.0,0.9243026129943503,True,entropy,0.7623248249577771,2,9,most_frequent
219.0,0.9240157132768361,False,gini,0.8207628481736873,5,6,median
219.0,0.9239936440677967,False,entropy,0.5790764096250505,4,16,most_frequent
219.0,0.9237288135593221,False,entropy,0.6468697132131345,7,5,median
2074.0,0.9189735614307932,False,entropy,0.6024736149474776,1,3,mean
2074.0,0.9189735614307932,False,gini,0.6309633107464813,2,6,median
2074.0,0.9183514774494558,False,gini,0.2783225801772825,2,12,mean
2074.0,0.9181959564541213,False,entropy,0.3171450222838617,3,6,mean
2074.0,0.9177293934681182,False,gini,0.40875256375418656,5,4,median
2074.0,0.9175738724727839,False,entropy,0.32757512696372115,4,11,most_frequent
2074.0,0.9175738724727839,False,gini,0.5669888290719927,3,6,mean
2074.0,0.9175738724727839,False,gini,0.3863890672118149,5,12,mean
2074.0,0.9175738724727839,True,entropy,0.1685625554365826,1,4,most_frequent
2074.0,0.9169517884914464,False,gini,0.24345559874508355,3,13,most_frequent
2074.0,0.9169517884914464,False,gini,0.5980886719803221,1,4,median
2074.0,0.916796267496112,False,gini,0.5649768622082184,1,7,mean
2074.0,0.9166407465007776,False,entropy,0.3806411918742527,5,7,median
2074.0,0.9164852255054433,False,entropy,0.3151650578162595,5,7,most_frequent
2074.0,0.9160186625194402,False,entropy,0.4848368882151963,5,4,mean
2074.0,0.9160186625194402,True,gini,0.4102606151008127,1,6,median
2074.0,0.9157076205287714,False,gini,0.4991475107177743,1,12,most_frequent
2074.0,0.9155520995334371,False,entropy,0.25983872280012604,3,18,mean
2074.0,0.9155520995334371,False,entropy,0.2092463970879054,5,14,median
2074.0,0.9155520995334371,False,entropy,0.21277925746905757,2,18,most_frequent
2079.0,0.6875,True,entropy,0.26330868072780045,1,10,mean
2079.0,0.6875,False,entropy,0.4873364054701964,4,10,mean
2079.0,0.686141304347826,True,gini,0.6160919846539211,1,9,median
2079.0,0.686141304347826,True,gini,0.4898792345546803,4,9,median
2079.0,0.686141304347826,True,gini,0.5896033598800149,4,15,most_frequent
2079.0,0.6847826086956522,False,entropy,0.6654970648791383,3,9,median
2079.0,0.6847826086956522,True,gini,0.40615318761774677,1,16,mean
2079.0,0.6847826086956522,True,gini,0.29043752830482084,1,2,median
2079.0,0.6847826086956522,True,entropy,0.662560506431316,3,5,median
2079.0,0.6847826086956522,True,gini,0.5810888358313934,2,3,median
2079.0,0.6847826086956522,True,gini,0.5665511209097721,1,18,median
2079.0,0.6834239130434783,True,entropy,0.8461867697412607,2,16,most_frequent
2079.0,0.6834239130434783,True,gini,0.5618807409036919,7,10,most_frequent
2079.0,0.6834239130434783,True,entropy,0.7671994339975343,5,11,median
2079.0,0.6834239130434783,False,entropy,0.7764995225518226,2,9,median
2079.0,0.6834239130434783,False,entropy,0.7276270887625449,7,4,median
2079.0,0.6834239130434783,True,entropy,0.2244346321356363,6,8,most_frequent
2079.0,0.6834239130434783,True,gini,0.8552681938840986,3,2,median
2079.0,0.6820652173913043,True,gini,0.6082742386080041,7,7,most_frequent
2079.0,0.6820652173913043,True,gini,0.26250866377863846,8,11,mean
3021.0,0.9909862142099682,False,entropy,0.5243122896196226,3,13,most_frequent
3021.0,0.9909862142099682,False,entropy,0.646820746095068,5,18,median
3021.0,0.9909862142099682,True,entropy,0.8337697008862612,1,8,most_frequent
3021.0,0.9907211028632026,False,entropy,0.6521272882195296,1,19,most_frequent
3021.0,0.9907211028632026,False,entropy,0.6944388715659061,7,15,most_frequent
3021.0,0.9907211028632026,False,entropy,0.4906908185248213,3,2,mean
3021.0,0.9907211028632026,False,entropy,0.8015376743558551,8,6,most_frequent
3021.0,0.9907211028632026,False,entropy,0.7972922248931943,3,10,mean
3021.0,0.9907211028632026,False,entropy,0.8349465822100453,8,9,median
3021.0,0.9907211028632026,False,entropy,0.5755997596790938,5,15,median
3021.0,0.9907211028632026,False,entropy,0.6112283080502013,8,2,mean
3021.0,0.9907211028632026,False,entropy,0.601417074106182,3,15,median
3021.0,0.9907211028632026,False,entropy,0.6342698926585784,1,19,mean
3021.0,0.9904559915164368,False,entropy,0.8768148425176481,2,7,median
3021.0,0.9904559915164368,False,entropy,0.7855578719818842,1,20,most_frequent
3021.0,0.9904559915164368,False,entropy,0.8505675177317228,8,3,mean
3021.0,0.9904559915164368,False,entropy,0.898216085839407,2,18,mean
3021.0,0.9904559915164368,False,entropy,0.533226357982843,2,5,mean
3021.0,0.9904559915164368,False,entropy,0.7486612625207927,3,20,median
3021.0,0.9904559915164368,False,entropy,0.5712056449845984,7,3,mean
3022.0,0.9676767676767676,False,gini,0.4132820174989692,1,2,mean
3022.0,0.9676767676767676,False,gini,0.3530129019796787,2,4,most_frequent
3022.0,0.9666666666666667,False,entropy,0.37322827187800856,1,6,most_frequent
3022.0,0.9656565656565657,False,gini,0.23811210719884085,1,7,median
3022.0,0.9656565656565657,False,entropy,0.23695221763879354,2,9,median
3022.0,0.9656565656565657,True,gini,0.10911967962313343,1,6,mean
3022.0,0.9646464646464646,False,entropy,0.513021749547166,1,3,most_frequent
3022.0,0.9646464646464646,False,entropy,0.3457387757695689,3,7,median
3022.0,0.9646464646464646,False,gini,0.13156573543565184,3,4,mean
3022.0,0.9646464646464646,False,entropy,0.27890411764786843,3,10,median
3022.0,0.9636363636363636,False,gini,0.33846180325881703,1,6,median
3022.0,0.9636363636363636,False,entropy,0.4531488327544495,2,7,mean
3022.0,0.9626262626262626,False,gini,0.36239819840258536,1,7,most_frequent
3022.0,0.9626262626262626,False,entropy,0.26277145006633806,3,6,mean
3022.0,0.9626262626262626,False,entropy,0.20673407632554222,3,9,most_frequent
3022.0,0.9626262626262626,False,gini,0.2656305839618409,2,5,most_frequent
3022.0,0.9616161616161617,False,entropy,0.3768936810494131,2,8,median
3022.0,0.9616161616161617,False,entropy,0.37483750813889627,1,7,most_frequent
3022.0,0.9606060606060606,False,entropy,0.18945227060787728,3,6,mean
3022.0,0.9606060606060606,False,entropy,0.14794602348390873,4,8,mean
3481.0,0.9462613825830448,False,entropy,0.20963704430087074,5,13,mean
3481.0,0.9457483647556753,True,entropy,0.18502448509695296,1,8,median
3481.0,0.9454918558419905,False,gini,0.19974262695626904,4,5,mean
3481.0,0.9454918558419905,False,entropy,0.14340230472661306,1,20,mean
3481.0,0.9447223291009362,True,gini,0.17246501380169654,2,6,median
3481.0,0.9444658201872516,False,entropy,0.1262847838510256,7,19,median
3481.0,0.9440810568167244,True,entropy,0.25755821154809855,3,5,most_frequent
3481.0,0.9436962934461972,False,entropy,0.2951719429230682,4,2,most_frequent
3481.0,0.9435680389893548,False,entropy,0.22940119358640568,1,18,median
3481.0,0.9435680389893548,True,entropy,0.19272707444114304,2,11,most_frequent
3481.0,0.9431832756188279,False,entropy,0.23034530855730156,6,5,mean
3481.0,0.9431832756188279,False,entropy,0.11598137012680435,8,12,most_frequent
3481.0,0.942926766705143,True,gini,0.18450681206826794,1,3,mean
3481.0,0.942926766705143,False,entropy,0.2315922381251858,3,17,most_frequent
3481.0,0.9427985122483007,False,gini,0.1282877014060344,8,7,median
3481.0,0.9426702577914583,False,entropy,0.22336840056148663,6,6,most_frequent
3481.0,0.9425420033346158,True,entropy,0.3255644946086016,1,4,mean
3481.0,0.9425420033346158,True,entropy,0.11969140274943389,3,17,most_frequent
3481.0,0.9420289855072465,True,entropy,0.15891637775282785,3,7,most_frequent
3481.0,0.941900731050404,True,gini,0.1755282961954804,2,15,most_frequent
3549.0,0.990487514863258,False,gini,0.10294704001273969,8,4,most_frequent
3549.0,0.990487514863258,False,gini,0.14253451118198088,3,10,median
3549.0,0.990487514863258,True,entropy,0.14581984212819954,3,15,mean
3549.0,0.9892984542211652,False,gini,0.11037097804729995,7,17,mean
3549.0,0.9892984542211652,False,gini,0.11044735294301261,10,6,most_frequent
3549.0,0.9892984542211652,False,entropy,0.14414486624584139,1,18,most_frequent
3549.0,0.9892984542211652,False,gini,0.10978833051292619,2,10,most_frequent
3549.0,0.9892984542211652,False,entropy,0.12227900069860782,3,16,mean
3549.0,0.9892984542211652,False,entropy,0.1354645072602345,3,8,most_frequent
3549.0,0.9892984542211652,False,entropy,0.13988918551561558,7,4,mean
3549.0,0.9892984542211652,False,gini,0.12722687105135871,11,20,most_frequent
3549.0,0.9892984542211652,True,gini,0.10051616311635439,8,8,most_frequent
3549.0,0.9892984542211652,False,gini,0.15245460033946304,1,15,median
3549.0,0.9892984542211652,False,entropy,0.10644191093352379,8,3,mean
3549.0,0.9892984542211652,True,entropy,0.12044501595464299,2,7,mean
3549.0,0.9892984542211652,True,entropy,0.12310601802338246,4,7,most_frequent
3549.0,0.9881093935790726,False,gini,0.14945923645329443,10,19,mean
3549.0,0.9881093935790726,False,gini,0.12069853229279,12,8,most_frequent
3549.0,0.9881093935790726,False,gini,0.13095126105532887,1,4,most_frequent
3549.0,0.9881093935790726,False,entropy,0.1729749726328258,1,4,mean
3560.0,0.22835633626097868,False,entropy,0.17398032417388282,12,4,median
3560.0,0.22835633626097868,False,entropy,0.11845026011020768,19,15,mean
3560.0,0.22835633626097868,False,entropy,0.18411315915754553,5,4,mean
3560.0,0.22835633626097868,True,gini,0.11353324540443444,13,19,median
3560.0,0.22835633626097868,True,gini,0.4358666056138424,5,12,most_frequent
3560.0,0.2271016311166876,True,gini,0.13712179562731272,11,17,mean
3560.0,0.2271016311166876,True,entropy,0.36462849689724053,5,8,mean
3560.0,0.2271016311166876,True,gini,0.2839642385461539,20,20,median
3560.0,0.2271016311166876,False,entropy,0.15960133102181562,4,18,median
3560.0,0.2271016311166876,True,entropy,0.30670731250630145,19,20,median
3560.0,0.2271016311166876,False,entropy,0.14838380573269383,8,11,most_frequent
3560.0,0.2271016311166876,False,gini,0.19791301892504648,5,18,most_frequent
3560.0,0.2271016311166876,False,gini,0.11090650681167605,13,12,mean
3560.0,0.22584692597239647,True,gini,0.10018730352948024,8,16,median
3560.0,0.22584692597239647,True,entropy,0.31026064264374886,19,13,median
3560.0,0.22584692597239647,True,entropy,0.42080861395944325,3,14,mean
3560.0,0.22584692597239647,False,gini,0.10498975331853605,14,9,most_frequent
3560.0,0.22584692597239647,True,gini,0.37199655808754295,5,9,median
3560.0,0.22584692597239647,False,gini,0.1848277500892972,5,11,most_frequent
3560.0,0.22584692597239647,False,gini,0.1393760340703697,14,18,most_frequent
3573.0,0.972,False,entropy,0.2825162476908661,1,3,most_frequent
3573.0,0.9718000000000001,False,entropy,0.3078280339290702,2,2,median
3573.0,0.9717285714285714,False,gini,0.31313657144309404,2,4,mean
3573.0,0.9716571428571429,False,entropy,0.3004031551180296,2,8,mean
3573.0,0.9716428571428571,False,gini,0.29437091226029877,2,6,most_frequent
3573.0,0.9716,False,entropy,0.14764583220315128,2,9,most_frequent
3573.0,0.9715428571428572,False,entropy,0.2812156077796424,2,4,median
3573.0,0.9715428571428572,False,gini,0.12048935324488969,1,12,mean
3573.0,0.9715285714285714,False,gini,0.31476937960720824,2,4,mean
3573.0,0.9715142857142857,False,gini,0.10548153101501088,3,2,mean
3573.0,0.9714857142857143,False,gini,0.12588082027516745,1,12,mean
3573.0,0.9713571428571428,False,entropy,0.19938315079169497,3,7,mean
3573.0,0.9713428571428571,False,entropy,0.12901073957678966,1,10,median
3573.0,0.9712857142857143,False,gini,0.14756627505451353,3,2,mean
3573.0,0.9712714285714286,False,gini,0.3530524588065109,1,6,median
3573.0,0.9712571428571428,False,entropy,0.2475519095236951,2,6,most_frequent
3573.0,0.9711857142857143,False,entropy,0.34148934011449217,2,3,most_frequent
3573.0,0.9711714285714286,False,gini,0.14662092314325437,3,4,median
3573.0,0.9711571428571429,False,gini,0.22184704589290574,2,9,median
3573.0,0.9711142857142857,False,gini,0.3227836821543296,1,8,most_frequent
3902.0,0.9101508916323731,True,entropy,0.6175282919832868,3,4,median
3902.0,0.9101508916323731,True,entropy,0.49452937230922367,2,7,median
3902.0,0.9094650205761318,True,entropy,0.37756108686411594,2,3,median
3902.0,0.9094650205761318,True,entropy,0.49521942763060733,3,7,most_frequent
3902.0,0.9094650205761318,False,entropy,0.29650935603530115,5,14,most_frequent
3902.0,0.9087791495198903,True,entropy,0.34604899724076327,2,8,median
3902.0,0.9087791495198903,False,entropy,0.8212370198111981,1,2,mean
3902.0,0.9087791495198903,True,entropy,0.6968146776554636,5,19,mean
3902.0,0.9080932784636488,True,gini,0.5572314689297446,2,3,median
3902.0,0.9080932784636488,True,entropy,0.4883443075801618,7,17,median
3902.0,0.9080932784636488,False,entropy,0.839287459448624,3,17,mean
3902.0,0.9080932784636488,True,entropy,0.5663739387586944,9,8,mean
3902.0,0.9080932784636488,False,gini,0.3249934461207713,2,2,median
3902.0,0.9074074074074074,True,entropy,0.8285767846292025,2,15,median
3902.0,0.9074074074074074,False,entropy,0.397692036282017,7,11,mean
3902.0,0.9074074074074074,True,entropy,0.4440908045947056,5,12,median
3902.0,0.9074074074074074,True,entropy,0.5044793880276931,1,16,mean
3902.0,0.9074074074074074,True,entropy,0.7765192374455581,4,10,most_frequent
3902.0,0.9074074074074074,True,entropy,0.7366508067417444,6,15,most_frequent
3902.0,0.9074074074074074,False,entropy,0.5498739350731453,4,5,mean
3903.0,0.9027511196417146,False,entropy,0.1307165969605567,2,3,most_frequent
3903.0,0.9027511196417146,True,gini,0.4432936690258952,1,4,mean
3903.0,0.9027511196417146,False,gini,0.32022002168966834,9,3,median
3903.0,0.9027511196417146,False,entropy,0.27737664093799563,3,2,mean
3903.0,0.9027511196417146,False,entropy,0.15469853286793234,7,9,median
3903.0,0.9021113243761997,True,entropy,0.18224291039058765,4,13,mean
3903.0,0.9021113243761997,False,entropy,0.320344596896426,4,3,most_frequent
3903.0,0.9021113243761997,False,gini,0.30666915859494925,2,20,most_frequent
3903.0,0.9021113243761997,True,gini,0.5181737874529465,1,4,most_frequent
3903.0,0.9021113243761997,True,entropy,0.193806845524455,4,18,median
3903.0,0.9021113243761997,True,gini,0.3549428153404731,2,10,median
3903.0,0.9021113243761997,True,entropy,0.16841084168190285,5,8,most_frequent
3903.0,0.9021113243761997,False,gini,0.10502961008080894,1,3,mean
3903.0,0.9014715291106846,True,entropy,0.2883978320611845,6,3,mean
3903.0,0.9014715291106846,False,entropy,0.2274893378223527,1,17,mean
3903.0,0.9014715291106846,True,gini,0.47643243168878735,2,17,median
3903.0,0.9014715291106846,False,entropy,0.21983376118467224,1,18,median
3903.0,0.9014715291106846,True,entropy,0.6726529411950679,2,10,mean
3903.0,0.9014715291106846,True,gini,0.17785089518747849,2,11,most_frequent
3903.0,0.9014715291106846,True,gini,0.42223837690429744,1,11,median
3904.0,0.8216812126779972,False,entropy,0.2754946026668824,3,14,median
3904.0,0.8215893431327516,False,gini,0.16925848964886372,3,15,median
3904.0,0.8215893431327516,False,entropy,0.18992172995464918,4,7,median
3904.0,0.8215893431327516,True,entropy,0.5024077502964376,4,4,mean
3904.0,0.8214974735875057,False,entropy,0.3203586775012422,4,4,mean
3904.0,0.8214974735875057,False,entropy,0.17311515860296628,4,16,most_frequent
3904.0,0.8214056040422599,False,entropy,0.1294128190239329,1,9,most_frequent
3904.0,0.8213137344970143,False,gini,0.18364881903525865,7,4,most_frequent
3904.0,0.8212218649517685,False,entropy,0.18205341909909534,1,12,median
3904.0,0.8212218649517685,True,entropy,0.4870027066321744,2,2,most_frequent
3904.0,0.8212218649517685,True,gini,0.24081007951472444,3,2,median
3904.0,0.8212218649517685,True,entropy,0.20491847127392182,2,9,median
3904.0,0.8212218649517685,True,entropy,0.20688798375956827,1,5,mean
3904.0,0.8212218649517685,True,entropy,0.7097296719090535,6,8,median
3904.0,0.821038125861277,False,entropy,0.390936888393444,4,9,most_frequent
3904.0,0.821038125861277,False,entropy,0.30824480205101357,1,15,most_frequent
3904.0,0.821038125861277,True,entropy,0.32690734345349115,1,15,mean
3904.0,0.8209462563160312,True,entropy,0.38636412649856955,2,4,median
3904.0,0.8209462563160312,False,gini,0.20181248317727213,2,6,median
3904.0,0.8208543867707854,True,entropy,0.8196361374699482,2,8,most_frequent
3913.0,0.8544061302681992,True,entropy,0.4892922760623346,11,16,median
3913.0,0.8544061302681992,True,entropy,0.7896480396213335,8,2,mean
3913.0,0.8524904214559388,True,entropy,0.8510447550946466,13,6,most_frequent
3913.0,0.8524904214559388,True,gini,0.5675607375693128,7,19,most_frequent
3913.0,0.8524904214559388,True,gini,0.6124648367102038,9,5,mean
3913.0,0.8524904214559388,True,gini,0.8213892935667064,11,9,median
3913.0,0.8524904214559388,False,gini,0.16363535154522124,8,7,most_frequent
3913.0,0.8524904214559388,False,entropy,0.4756685945802983,19,18,mean
3913.0,0.8524904214559388,True,gini,0.6578691064323465,10,20,median
3913.0,0.8524904214559388,True,gini,0.7105721774261186,11,18,mean
3913.0,0.8524904214559388,True,entropy,0.7975940434690519,9,11,mean
3913.0,0.8524904214559388,True,entropy,0.65082199151582,16,15,mean
3913.0,0.8524904214559388,False,gini,0.3674053151037725,15,8,most_frequent
3913.0,0.8524904214559388,False,entropy,0.3375104950503023,19,16,mean
3913.0,0.8524904214559388,False,gini,0.4096457017033298,14,9,most_frequent
3913.0,0.8524904214559388,False,gini,0.40284398834783774,14,4,median
3913.0,0.8524904214559388,True,gini,0.8868406701901843,9,5,mean
3913.0,0.8524904214559388,False,entropy,0.3223771151843805,11,18,most_frequent
3913.0,0.8524904214559388,False,gini,0.23377893571699257,7,2,most_frequent
3913.0,0.8524904214559388,True,gini,0.7266398877834271,10,18,median
3917.0,0.8653390232337601,False,entropy,0.15674503187659738,4,12,median
3917.0,0.8653390232337601,True,entropy,0.7665048640652746,5,10,mean
3917.0,0.8653390232337601,True,gini,0.7288165472137612,8,16,mean
3917.0,0.8648648648648648,True,gini,0.5504795602181163,6,16,median
3917.0,0.8648648648648648,True,entropy,0.21689567205662838,3,7,mean
3917.0,0.8648648648648648,True,gini,0.8051527607302336,2,12,most_frequent
3917.0,0.8648648648648648,False,gini,0.17034014307053136,4,5,median
3917.0,0.8648648648648648,True,entropy,0.8359814110988218,2,2,most_frequent
3917.0,0.8648648648648648,True,entropy,0.5670894086436199,1,6,most_frequent
3917.0,0.8648648648648648,True,entropy,0.3022550068652564,3,17,mean
3917.0,0.8643907064959697,False,gini,0.15752916245571846,4,7,most_frequent
3917.0,0.8643907064959697,True,gini,0.5359599201830371,2,11,most_frequent
3917.0,0.8643907064959697,True,gini,0.43067225326608594,5,14,mean
3917.0,0.8643907064959697,True,entropy,0.26442354305316584,2,14,mean
3917.0,0.8643907064959697,True,gini,0.6193508148583142,7,7,mean
3917.0,0.8643907064959697,True,gini,0.8842401114364937,4,8,mean
3917.0,0.8643907064959697,True,gini,0.6779740599909416,1,6,median
3917.0,0.8643907064959697,True,gini,0.7944294298498077,2,10,mean
3917.0,0.8643907064959697,True,gini,0.6459322078823334,3,5,mean
3917.0,0.8643907064959697,True,gini,0.4143901672019825,3,14,median
3918.0,0.9395852119026149,True,gini,0.2525801952442011,1,17,most_frequent
3918.0,0.9395852119026149,True,entropy,0.563467854856953,8,13,median
3918.0,0.9386834986474301,True,gini,0.5371031688595006,4,17,median
3918.0,0.9386834986474301,True,gini,0.429357443478271,3,16,mean
3918.0,0.9386834986474301,False,gini,0.6431647765018804,8,13,median
3918.0,0.9386834986474301,True,gini,0.8802298954841971,6,17,mean
3918.0,0.9386834986474301,True,gini,0.49085817789006647,2,20,most_frequent
3918.0,0.9386834986474301,True,gini,0.7578165682579436,4,15,median
3918.0,0.9386834986474301,True,gini,0.823102901614149,8,14,most_frequent
3918.0,0.9386834986474301,True,entropy,0.5450674304316748,4,19,median
3918.0,0.9386834986474301,True,gini,0.8353433594414518,3,6,most_frequent
3918.0,0.9386834986474301,False,gini,0.6340460516237013,7,2,most_frequent
3918.0,0.9386834986474301,True,gini,0.6102653931405932,6,14,mean
3918.0,0.9386834986474301,True,gini,0.20180058748204655,7,12,median
3918.0,0.9386834986474301,True,entropy,0.8137362507902486,4,20,most_frequent
3918.0,0.9377817853922452,True,gini,0.44577478972392404,1,8,mean
3918.0,0.9377817853922452,False,entropy,0.5145777652630169,5,17,mean
3918.0,0.9377817853922452,True,entropy,0.5373722271007386,2,18,most_frequent
3918.0,0.9377817853922452,True,entropy,0.25525910811720887,5,5,median
3918.0,0.9377817853922452,True,entropy,0.596122228576857,4,16,mean
7592.0,0.8660374268047991,True,gini,0.21587463126802195,5,8,most_frequent
7592.0,0.8660169526227428,True,gini,0.31314871073730843,8,6,median
7592.0,0.8659964784406863,True,gini,0.3292168948411405,10,7,most_frequent
7592.0,0.86597600425863,True,entropy,0.24368940436962286,3,6,most_frequent
7592.0,0.86597600425863,False,gini,0.1467976845620217,6,6,mean
7592.0,0.86597600425863,True,gini,0.25041074510423833,7,15,mean
7592.0,0.8659555300765734,False,gini,0.26645112390665404,8,15,median
7592.0,0.8659555300765734,True,gini,0.2866467810900929,10,15,mean
7592.0,0.8659555300765734,True,entropy,0.3151952231405015,5,17,mean
7592.0,0.8659555300765734,True,gini,0.26097694446264574,7,11,most_frequent
7592.0,0.8659350558945169,True,entropy,0.31478804651057246,7,2,median
7592.0,0.8658736333483478,True,gini,0.7242686832382698,4,20,most_frequent
7592.0,0.8658531591662912,True,entropy,0.34809676017224234,5,13,median
7592.0,0.8658326849842349,False,gini,0.19910002370497032,4,2,most_frequent
7592.0,0.8657917366201221,False,gini,0.2073116860308371,4,2,mean
7592.0,0.8657712624380656,True,gini,0.20733113850199336,1,13,most_frequent
7592.0,0.8657507882560092,True,entropy,0.4976937047859482,5,17,mean
7592.0,0.8657507882560092,False,entropy,0.24887402804905812,10,15,median
7592.0,0.8657507882560092,False,gini,0.25853882744840273,9,20,median
7592.0,0.8657507882560092,True,gini,0.30547496868385815,10,10,median
9910.0,0.8109837376699547,True,gini,0.18579663754054077,2,5,most_frequent
9910.0,0.8104505465209277,False,gini,0.18242700640049414,9,9,median
9910.0,0.8104505465209277,False,gini,0.25229741091984936,6,10,most_frequent
9910.0,0.8104505465209277,False,entropy,0.177278116419443,7,19,most_frequent
9910.0,0.8101839509464144,False,entropy,0.2809148831704594,4,20,median
9910.0,0.8101839509464144,False,gini,0.17132764520655286,8,4,median
9910.0,0.8101839509464144,True,gini,0.2097098862176636,2,4,most_frequent
9910.0,0.8101839509464144,False,entropy,0.15734096921794496,5,18,mean
9910.0,0.8101839509464144,False,gini,0.18413916610432324,2,19,most_frequent
9910.0,0.8099173553719008,False,entropy,0.238796523232486,11,4,median
9910.0,0.8093841642228738,False,gini,0.18390259625176075,3,19,mean
9910.0,0.8093841642228738,True,entropy,0.28136340528039283,4,6,most_frequent
9910.0,0.8093841642228738,True,gini,0.2294004164087153,2,11,most_frequent
9910.0,0.8093841642228738,False,gini,0.12497983533866322,1,11,most_frequent
9910.0,0.8091175686483605,False,entropy,0.5635895188850945,1,11,mean
9910.0,0.8091175686483605,False,gini,0.2574113383419985,6,4,mean
9910.0,0.8091175686483605,False,entropy,0.1493742501127393,3,19,mean
9910.0,0.808850973073847,False,entropy,0.29162157673805833,5,15,most_frequent
9910.0,0.808850973073847,True,entropy,0.10151327340627887,1,4,median
9910.0,0.808850973073847,False,gini,0.38762576621196965,2,17,most_frequent
9946.0,0.968365553602812,False,gini,0.3530090665389366,1,4,median
9946.0,0.968365553602812,True,gini,0.5972110893913215,2,3,median
9946.0,0.968365553602812,False,gini,0.18261240472119633,2,10,mean
9946.0,0.968365553602812,False,entropy,0.1309417297340093,9,4,most_frequent
9946.0,0.968365553602812,False,gini,0.10768745908811211,1,2,most_frequent
9946.0,0.968365553602812,False,gini,0.20269077042142758,2,5,most_frequent
9946.0,0.9666080843585237,False,entropy,0.3223600622403766,4,12,median
9946.0,0.9666080843585237,False,entropy,0.2852132368534005,8,2,median
9946.0,0.9666080843585237,False,gini,0.33129268420737845,3,4,most_frequent
9946.0,0.9666080843585237,False,entropy,0.23246290487454715,6,8,mean
9946.0,0.9666080843585237,True,entropy,0.14188429578208234,3,6,median
9946.0,0.9666080843585237,True,entropy,0.4270167854509771,2,6,median
9946.0,0.9666080843585237,False,entropy,0.15531100443167345,5,5,most_frequent
9946.0,0.9666080843585237,False,gini,0.25787226092429605,2,19,mean
9946.0,0.9666080843585237,True,entropy,0.6351329222632152,2,2,median
9946.0,0.9666080843585237,True,entropy,0.3773643305159503,1,9,median
9946.0,0.9666080843585237,True,entropy,0.650130493119518,1,6,most_frequent
9946.0,0.9666080843585237,False,entropy,0.1414001706408536,1,2,most_frequent
9946.0,0.9666080843585237,False,entropy,0.21090239650605824,1,4,median
9946.0,0.9666080843585237,False,entropy,0.30669768743688036,5,4,median
9952.0,0.9115470022205774,True,gini,0.7900359225881777,1,4,most_frequent
9952.0,0.9111769059955589,False,gini,0.7019824457309308,2,9,mean
9952.0,0.9109918578830496,False,entropy,0.4804733710649437,2,8,median
9952.0,0.9109918578830496,False,gini,0.36348159378699174,2,3,most_frequent
9952.0,0.9109918578830496,False,gini,0.45563936860884946,1,9,mean
9952.0,0.9109918578830496,False,entropy,0.7922310649242112,4,3,median
9952.0,0.9109918578830496,True,entropy,0.7774900784419846,1,2,median
9952.0,0.9102516654330125,False,entropy,0.25437837887023573,1,7,mean
9952.0,0.9098815692079941,False,entropy,0.6285557526913953,1,11,mean
9952.0,0.9098815692079941,False,entropy,0.6638369699647978,1,5,median
9952.0,0.9096965210954848,False,entropy,0.7593322104367515,3,10,most_frequent
9952.0,0.9095114729829755,False,gini,0.7906744687213998,1,9,median
9952.0,0.909141376757957,False,entropy,0.19778321431477447,2,5,median
9952.0,0.9089563286454478,True,gini,0.43092738087909,1,4,most_frequent
9952.0,0.9085862324204292,False,entropy,0.5027267163797406,4,2,mean
9952.0,0.9085862324204292,False,gini,0.5032464492124844,4,7,most_frequent
9952.0,0.90840118430792,False,gini,0.3534905735328612,2,9,median
9952.0,0.90840118430792,False,entropy,0.3164042004260542,3,3,median
9952.0,0.9080310880829017,False,entropy,0.642350644046245,4,4,mean
9952.0,0.9080310880829017,False,gini,0.5360099010153822,1,11,most_frequent
9957.0,0.8691943127962085,False,entropy,0.5574677357444191,2,7,median
9957.0,0.8691943127962085,True,entropy,0.11494846518662004,1,7,median
9957.0,0.8682464454976304,False,entropy,0.10432225429738971,2,14,mean
9957.0,0.8682464454976304,True,entropy,0.3728702962264666,2,10,median
9957.0,0.8682464454976304,True,entropy,0.7542856865290214,2,9,most_frequent
9957.0,0.8682464454976304,False,entropy,0.601625393716787,1,4,median
9957.0,0.8682464454976304,False,entropy,0.5761539284183916,3,16,most_frequent
9957.0,0.8682464454976304,True,entropy,0.7388924974431091,2,14,most_frequent
9957.0,0.8682464454976304,False,entropy,0.566396398489846,1,13,median
9957.0,0.8682464454976304,True,entropy,0.5340935519679563,1,13,mean
9957.0,0.8682464454976304,False,entropy,0.34604285651702754,1,2,median
9957.0,0.8672985781990522,True,gini,0.43978373318216823,1,6,median
9957.0,0.8663507109004739,True,entropy,0.5080915564500367,2,3,mean
9957.0,0.8663507109004739,True,entropy,0.6303915349930771,1,6,most_frequent
9957.0,0.8663507109004739,False,entropy,0.49923070635549605,7,2,median
9957.0,0.8663507109004739,True,entropy,0.16245534608888904,1,2,mean
9957.0,0.8663507109004739,False,entropy,0.6094526810179653,2,14,median
9957.0,0.8663507109004739,True,gini,0.7436397944159522,3,3,most_frequent
9957.0,0.8663507109004739,True,entropy,0.8786983811984336,4,3,median
9957.0,0.8663507109004739,False,gini,0.2805406944793748,2,5,mean
9960.0,0.9967008797653959,False,gini,0.6430201702443197,1,14,most_frequent
9960.0,0.9967008797653959,False,entropy,0.7556458662140274,3,11,median
9960.0,0.9967008797653959,False,gini,0.5312405386841504,5,12,mean
9960.0,0.9967008797653959,False,entropy,0.7639494889708772,1,11,most_frequent
9960.0,0.9967008797653959,False,entropy,0.8977745191324991,1,7,most_frequent
9960.0,0.9967008797653959,False,entropy,0.46736133839458904,6,13,median
9960.0,0.9967008797653959,False,entropy,0.45378898138660595,4,20,median
9960.0,0.9967008797653959,False,entropy,0.8588567459767602,1,6,median
9960.0,0.996517595307918,False,gini,0.5198972930996072,2,2,median
9960.0,0.996517595307918,False,entropy,0.7073536790442113,4,7,most_frequent
9960.0,0.996517595307918,True,gini,0.7422189141210676,1,7,mean
9960.0,0.996517595307918,True,entropy,0.5346160325680528,3,13,median
9960.0,0.996517595307918,False,gini,0.40084335376979563,1,19,median
9960.0,0.996517595307918,False,gini,0.517754526213423,2,2,most_frequent
9960.0,0.996517595307918,True,entropy,0.4477848874104825,3,2,median
9960.0,0.996517595307918,False,entropy,0.6741542058005007,2,13,most_frequent
9960.0,0.996517595307918,False,gini,0.6993158306595302,4,15,mean
9960.0,0.996517595307918,True,gini,0.5700889104664506,1,3,mean
9960.0,0.996517595307918,False,gini,0.3062776381072868,2,5,mean
9960.0,0.996517595307918,False,gini,0.6672131868920881,2,6,median
9964.0,0.9246704331450094,False,entropy,0.11807591178280248,4,13,mean
9964.0,0.9234149403640929,True,entropy,0.11924673365688099,3,8,mean
9964.0,0.9227871939736346,False,entropy,0.22444337033583991,1,11,median
9964.0,0.9227871939736346,False,entropy,0.23122186186017252,3,11,median
9964.0,0.9221594475831764,True,entropy,0.10055981162723482,3,5,median
9964.0,0.9221594475831764,False,entropy,0.18122001809654542,3,13,median
9964.0,0.9221594475831764,False,entropy,0.25938206155021604,2,10,mean
9964.0,0.9215317011927182,False,gini,0.14455611621751202,2,20,median
9964.0,0.9215317011927182,False,gini,0.12892979007945132,4,17,median
9964.0,0.92090395480226,False,gini,0.2557937766453658,3,8,median
9964.0,0.9190207156308852,False,entropy,0.19387226785613354,6,5,mean
9964.0,0.9190207156308852,False,gini,0.3942924371100749,2,2,median
9964.0,0.9190207156308852,False,entropy,0.2262308870367063,1,20,median
9964.0,0.9177652228499685,False,gini,0.17680456415200851,4,13,median
9964.0,0.9177652228499685,True,gini,0.22265931791860316,3,3,mean
9964.0,0.9171374764595103,True,gini,0.2412310479946659,2,9,mean
9964.0,0.9171374764595103,True,entropy,0.11351007577241178,4,14,mean
9964.0,0.916509730069052,False,gini,0.41133631227248146,1,3,most_frequent
9964.0,0.9152542372881356,False,entropy,0.2095909326580399,5,10,median
9964.0,0.9152542372881356,False,gini,0.24515066523769813,4,8,most_frequent
9971.0,0.7272727272727273,True,gini,0.13407377353137964,5,12,median
9971.0,0.7272727272727273,False,gini,0.10175775290970046,5,9,mean
9971.0,0.7272727272727273,False,entropy,0.1380386191393672,9,5,most_frequent
9971.0,0.7272727272727273,False,entropy,0.11660638995796502,2,7,most_frequent
9971.0,0.7272727272727273,True,entropy,0.12601925034187147,5,2,median
9971.0,0.7272727272727273,True,gini,0.11123517225908036,9,7,mean
9971.0,0.7255574614065181,True,gini,0.1615551359322832,5,10,most_frequent
9971.0,0.7255574614065181,False,entropy,0.12178086318668023,2,14,median
9971.0,0.7255574614065181,False,entropy,0.15853786360126262,13,8,median
9971.0,0.7255574614065181,False,entropy,0.14378551040256315,10,14,mean
9971.0,0.7255574614065181,True,gini,0.12506349168034198,2,19,mean
9971.0,0.7255574614065181,True,entropy,0.1026543574750689,5,15,most_frequent
9971.0,0.7255574614065181,False,gini,0.1817823436072848,6,2,median
9971.0,0.7238421955403088,True,entropy,0.18219050131994363,2,15,mean
9971.0,0.7238421955403088,False,entropy,0.15793397560234812,5,16,median
9971.0,0.7238421955403088,False,gini,0.16002264131572988,3,15,mean
9971.0,0.7238421955403088,False,entropy,0.1539699925240365,17,15,mean
9971.0,0.7238421955403088,True,gini,0.1567375728488905,2,12,median
9971.0,0.7238421955403088,False,entropy,0.17606360004151542,16,4,median
9971.0,0.7238421955403088,False,entropy,0.18115433790703303,1,9,most_frequent
9976.0,0.8673076923076922,False,entropy,0.3003497313846071,4,14,most_frequent
9976.0,0.8669230769230769,False,gini,0.3156320708634881,2,16,mean
9976.0,0.8669230769230769,False,entropy,0.2952411990281991,1,7,mean
9976.0,0.8665384615384616,False,entropy,0.4432093984904454,5,15,mean
9976.0,0.8661538461538462,False,gini,0.3666560170133967,2,3,mean
9976.0,0.8661538461538462,False,gini,0.33505798182523777,9,8,median
9976.0,0.8661538461538462,False,entropy,0.23960229267573468,1,10,most_frequent
9976.0,0.8657692307692308,False,gini,0.2112176298965027,3,10,most_frequent
9976.0,0.8653846153846153,False,gini,0.2852822206352641,3,11,median
9976.0,0.8653846153846153,False,entropy,0.3142878289420469,8,12,median
9976.0,0.865,False,entropy,0.21093148876138398,12,10,mean
9976.0,0.865,False,gini,0.37365232177546026,4,19,median
9976.0,0.865,False,entropy,0.25367054951192325,12,10,median
9976.0,0.8646153846153847,False,entropy,0.22635119915311075,4,3,most_frequent
9976.0,0.8646153846153847,False,entropy,0.30755712428605364,12,20,median
9976.0,0.8646153846153847,False,gini,0.25602697396933616,10,15,most_frequent
9976.0,0.8646153846153847,False,entropy,0.34753335305480515,4,19,median
9976.0,0.8646153846153847,False,gini,0.30699352766640986,6,2,median
9976.0,0.8646153846153847,False,gini,0.36344431961579904,9,13,most_frequent
9976.0,0.8642307692307692,False,entropy,0.2234853514642576,6,2,most_frequent
9977.0,0.9690120412012186,False,gini,0.3408403857680796,2,9,median
9977.0,0.9688669664877412,False,entropy,0.3798527748878453,2,13,median
9977.0,0.9688669664877412,False,entropy,0.10532613411170111,4,6,median
9977.0,0.9687799216596547,False,entropy,0.11707219699765813,1,13,most_frequent
9977.0,0.9687799216596547,False,entropy,0.33563086272765297,4,6,median
9977.0,0.9686928768315682,False,entropy,0.48417169184148057,1,10,mean
9977.0,0.9686058320034817,True,entropy,0.49084120498413775,1,3,mean
9977.0,0.9684607572900044,False,entropy,0.3247078931338989,5,14,median
9977.0,0.9684317423473088,False,gini,0.4718683582519527,4,4,mean
9977.0,0.9684317423473088,True,entropy,0.5700397650265462,1,2,mean
9977.0,0.9684027274046134,False,entropy,0.4549795836300713,3,11,median
9977.0,0.968373712461918,False,gini,0.2169385483273108,3,10,most_frequent
9977.0,0.9683446975192225,True,entropy,0.8643637668447429,1,4,mean
9977.0,0.9683446975192225,False,gini,0.27761269646100295,4,7,mean
9977.0,0.9682866676338314,False,gini,0.3336136012641421,4,11,most_frequent
9977.0,0.9682866676338314,True,entropy,0.3222142417039159,3,7,mean
9977.0,0.9682576526911358,True,entropy,0.6471125612058216,1,3,mean
9977.0,0.968199622805745,False,gini,0.5365862355387695,2,11,most_frequent
9977.0,0.9681706078630495,False,entropy,0.17137247472862355,1,18,mean
9977.0,0.968141592920354,False,gini,0.3848336708032182,5,5,median
9978.0,0.9455406471981058,True,gini,0.3629220557939573,1,7,mean
9978.0,0.9451460142067877,False,entropy,0.319330109317831,1,12,mean
9978.0,0.9451460142067877,True,entropy,0.47328070824700497,3,5,median
9978.0,0.9447513812154696,False,entropy,0.31312106376287485,2,4,median
9978.0,0.9447513812154696,False,entropy,0.3268848068843722,3,14,mean
9978.0,0.9447513812154696,False,gini,0.25389286855066295,1,18,mean
9978.0,0.9447513812154696,True,entropy,0.6553947509550657,1,18,most_frequent
9978.0,0.9447513812154696,False,entropy,0.3130885867616769,5,6,most_frequent
9978.0,0.9447513812154696,True,gini,0.31921811054217814,2,9,most_frequent
9978.0,0.9447513812154696,False,entropy,0.5412419578260991,4,19,mean
9978.0,0.9447513812154696,True,gini,0.7633784293692065,1,16,mean
9978.0,0.9443567482241515,True,entropy,0.567873266858716,9,9,most_frequent
9978.0,0.9443567482241515,True,entropy,0.8353268448047048,8,13,most_frequent
9978.0,0.9443567482241515,False,entropy,0.11705823024262996,4,7,mean
9978.0,0.9443567482241515,True,gini,0.6344551939422163,3,11,mean
9978.0,0.9443567482241515,False,entropy,0.5321462341305172,3,10,mean
9978.0,0.9443567482241515,True,entropy,0.26858580540225385,2,11,median
9978.0,0.9443567482241515,True,entropy,0.641865038433534,3,8,mean
9978.0,0.9443567482241515,True,entropy,0.13627580394358996,3,2,most_frequent
9978.0,0.9443567482241515,True,entropy,0.8411906385955692,2,12,median
9981.0,0.8925925925925925,True,gini,0.530252926020905,1,9,mean
9981.0,0.8916666666666667,True,entropy,0.17110939578231193,1,5,mean
9981.0,0.8907407407407407,True,gini,0.4349129093465631,1,3,mean
9981.0,0.8907407407407407,False,entropy,0.16476721961465846,1,19,mean
9981.0,0.8898148148148148,True,gini,0.20453318401432058,3,13,most_frequent
9981.0,0.8898148148148148,True,gini,0.44825960762425243,2,14,most_frequent
9981.0,0.8898148148148148,True,gini,0.4752247130812569,2,18,mean
9981.0,0.8898148148148148,True,gini,0.740824853521328,2,7,most_frequent
9981.0,0.8888888888888888,True,gini,0.8692391177698356,2,11,most_frequent
9981.0,0.887962962962963,False,gini,0.3642361146710047,2,13,median
9981.0,0.887962962962963,False,gini,0.511818834337208,1,8,mean
9981.0,0.887962962962963,False,entropy,0.1274456717595081,1,2,median
9981.0,0.8870370370370371,False,entropy,0.21431747934037465,1,20,most_frequent
9981.0,0.8861111111111112,True,entropy,0.34051129216104725,1,5,mean
9981.0,0.8861111111111112,True,entropy,0.39076874890537616,1,3,most_frequent
9981.0,0.8842592592592592,True,entropy,0.20371208003319366,1,20,mean
9981.0,0.8842592592592592,True,gini,0.47131601981228377,2,10,median
9981.0,0.8842592592592592,False,entropy,0.1600368223690108,3,19,median
9981.0,0.8842592592592592,False,gini,0.2481989716798296,4,14,most_frequent
9981.0,0.8842592592592592,True,entropy,0.2156179888548384,2,19,median
9985.0,0.6325596600196143,True,gini,0.8943101433975232,2,6,median
9985.0,0.6323962079110821,False,gini,0.30006423607410393,2,6,median
9985.0,0.6322327558025499,False,gini,0.5744336327966008,2,11,most_frequent
9985.0,0.6319058515854854,True,entropy,0.7026391755082829,2,7,mean
9985.0,0.6314154952598888,False,gini,0.43834243962724184,1,16,mean
9985.0,0.6312520431513566,False,gini,0.21449296203218068,1,11,mean
9985.0,0.6310885910428244,False,gini,0.22835226215758536,1,10,mean
9985.0,0.6307616868257601,False,gini,0.48631234540756274,2,11,mean
9985.0,0.6307616868257601,False,gini,0.14018229633512816,1,6,mean
9985.0,0.6305982347172279,False,entropy,0.5402644628070227,4,5,mean
9985.0,0.6301078783916312,False,entropy,0.47938242643790385,1,13,median
9985.0,0.6299444262830991,False,gini,0.2555009019469211,2,8,median
9985.0,0.6299444262830991,True,entropy,0.5791381153137789,1,6,mean
9985.0,0.6296175220660346,False,gini,0.2644531568658406,4,7,median
9985.0,0.6294540699575024,False,entropy,0.31631412572703854,2,14,median
9985.0,0.6292906178489702,True,gini,0.8943615136042805,1,10,mean
9985.0,0.6289637136319058,False,gini,0.3660813965426264,3,13,mean
9985.0,0.6289637136319058,False,gini,0.3678574916129921,3,19,median
9985.0,0.6288002615233736,True,gini,0.45989791010146586,3,5,median
9985.0,0.6288002615233736,True,gini,0.6487556174865455,3,7,mean
10093.0,0.9934402332361516,True,gini,0.3867687546291071,2,4,mean
10093.0,0.9934402332361516,True,gini,0.4564159222827058,1,4,median
10093.0,0.9934402332361516,False,gini,0.6045635337574603,4,7,mean
10093.0,0.9934402332361516,False,gini,0.46722746778182145,1,4,most_frequent
10093.0,0.9934402332361516,False,gini,0.8789990226082919,2,18,most_frequent
10093.0,0.9934402332361516,True,entropy,0.6335430264212498,2,5,mean
10093.0,0.9934402332361516,False,gini,0.660190502107102,1,9,mean
10093.0,0.9934402332361516,False,gini,0.12837455829343122,2,13,median
10093.0,0.9934402332361516,True,entropy,0.10100630052137644,2,10,mean
10093.0,0.9934402332361516,True,entropy,0.7804582464168646,1,5,mean
10093.0,0.9934402332361516,False,gini,0.6463973109545649,1,7,most_frequent
10093.0,0.9927113702623906,True,entropy,0.6980118873035899,2,6,mean
10093.0,0.9927113702623906,False,gini,0.41726852825895766,2,10,mean
10093.0,0.9927113702623906,False,gini,0.8839474229154878,7,2,most_frequent
10093.0,0.9927113702623906,False,gini,0.7310126717660993,2,9,most_frequent
10093.0,0.9927113702623906,True,gini,0.7071757554680032,1,18,most_frequent
10093.0,0.9927113702623906,True,gini,0.5799732502290217,3,3,most_frequent
10093.0,0.9927113702623906,True,gini,0.5505334893503764,4,10,mean
10093.0,0.9927113702623906,False,gini,0.1117644545871312,2,3,mean
10093.0,0.9927113702623906,False,gini,0.8331494855159444,4,14,most_frequent
10101.0,0.7927807486631017,False,entropy,0.7797552855905793,17,7,median
10101.0,0.7927807486631017,False,entropy,0.8564639342763184,17,11,most_frequent
10101.0,0.7927807486631017,False,entropy,0.7583775889869452,16,11,most_frequent
10101.0,0.7927807486631017,False,entropy,0.5129594861363538,14,18,mean
10101.0,0.7927807486631017,False,entropy,0.789005756877658,16,15,most_frequent
10101.0,0.7927807486631017,False,entropy,0.5676265914655048,14,9,median
10101.0,0.7914438502673796,False,entropy,0.7720494250160772,16,17,median
10101.0,0.7914438502673796,False,entropy,0.8157281102161419,17,14,mean
10101.0,0.7914438502673796,False,entropy,0.781252995452863,17,5,mean
10101.0,0.7914438502673796,False,gini,0.8859980314714136,20,14,most_frequent
10101.0,0.7914438502673796,False,entropy,0.8275832179495655,15,15,mean
10101.0,0.7914438502673796,False,entropy,0.7747954134950271,15,8,most_frequent
10101.0,0.7914438502673796,False,entropy,0.5224074885780761,13,14,median
10101.0,0.7914438502673796,False,entropy,0.6129531329824185,13,3,mean
10101.0,0.7914438502673796,False,entropy,0.7223849298661066,12,20,median
10101.0,0.7914438502673796,False,gini,0.8750644813603278,10,7,most_frequent
10101.0,0.7914438502673796,False,entropy,0.8493070485522294,16,16,mean
10101.0,0.7914438502673796,False,entropy,0.6076518866568656,14,5,median
10101.0,0.7914438502673796,False,gini,0.5113982570413687,8,20,median
10101.0,0.7914438502673796,False,entropy,0.7970443974497936,14,6,median
14952.0,0.9697874265038444,False,gini,0.5882194393385819,2,7,median
14952.0,0.9697874265038444,False,entropy,0.340721598682211,2,10,mean
14952.0,0.9695160560832202,True,entropy,0.3496996048087742,2,5,most_frequent
14952.0,0.9694255992763455,False,gini,0.2946404283783365,3,4,mean
14952.0,0.9693351424694708,True,entropy,0.89999035443779,1,7,mean
14952.0,0.969244685662596,False,entropy,0.37060115693630324,3,4,most_frequent
14952.0,0.9686114880144732,False,gini,0.40357883918680526,2,11,mean
14952.0,0.9685210312075984,False,gini,0.6544751636287529,2,4,median
14952.0,0.9684305744007237,False,entropy,0.45467838700005536,3,7,mean
14952.0,0.9681592039800995,True,gini,0.4963085868268047,2,5,median
14952.0,0.9680687471732248,True,entropy,0.18016530588058838,1,10,most_frequent
14952.0,0.9679782903663501,False,gini,0.8157297867803375,1,5,mean
14952.0,0.9679782903663501,False,gini,0.3685452154882982,2,13,most_frequent
14952.0,0.9678878335594753,False,entropy,0.192001564922571,3,7,median
14952.0,0.9678878335594753,False,gini,0.41202296591015575,2,13,mean
14952.0,0.9674355495251018,False,entropy,0.6865628651825251,2,3,median
14952.0,0.967345092718227,False,gini,0.5232370901848612,2,11,most_frequent
14952.0,0.967345092718227,False,entropy,0.3925883776296455,1,17,mean
14952.0,0.9672546359113524,False,gini,0.5608980286778013,2,13,most_frequent
14952.0,0.9671641791044776,False,entropy,0.516205229122863,1,18,mean
14954.0,0.8314814814814815,False,gini,0.15956460131354389,2,8,most_frequent
14954.0,0.8296296296296296,False,entropy,0.3344401709096718,1,16,mean
14954.0,0.8296296296296296,False,gini,0.12913063042959128,1,20,median
14954.0,0.8296296296296296,False,gini,0.3563047237894835,2,6,mean
14954.0,0.8296296296296296,False,entropy,0.1538093510693389,3,12,most_frequent
14954.0,0.8296296296296296,True,entropy,0.40235158112387637,1,4,mean
14954.0,0.8296296296296296,False,gini,0.43380606174304326,1,11,mean
14954.0,0.8296296296296296,False,gini,0.2371057983553053,1,12,mean
14954.0,0.8277777777777777,False,entropy,0.24277280403524237,2,4,median
14954.0,0.8277777777777777,False,gini,0.5559290391670818,1,5,mean
14954.0,0.8277777777777777,True,entropy,0.4303503316200471,2,2,mean
14954.0,0.825925925925926,True,entropy,0.750042944326814,2,3,mean
14954.0,0.825925925925926,True,entropy,0.19102520187792837,1,2,most_frequent
14954.0,0.825925925925926,False,entropy,0.4731294780009998,2,8,mean
14954.0,0.825925925925926,False,entropy,0.5273062014789885,1,3,mean
14954.0,0.8240740740740741,False,entropy,0.11505405207827168,4,7,mean
14954.0,0.8240740740740741,True,gini,0.2671806466873605,1,3,median
14954.0,0.8240740740740741,True,entropy,0.38590866274380065,2,3,median
14954.0,0.8240740740740741,False,gini,0.21437631908180574,1,10,mean
14954.0,0.8240740740740741,True,gini,0.49207081033650624,1,2,most_frequent
14965.0,0.9069916613213599,True,gini,0.6790530186923954,6,12,mean
14965.0,0.9069253057884142,True,entropy,0.6725654814206357,5,13,most_frequent
14965.0,0.9069031872774325,True,gini,0.41340268258875545,9,20,most_frequent
14965.0,0.9069031872774325,True,gini,0.32752659563011816,6,5,mean
14965.0,0.9068589502554688,True,gini,0.8609067530248636,5,13,median
14965.0,0.906836831744487,True,gini,0.7614372716101444,2,16,mean
14965.0,0.906836831744487,True,gini,0.29016925726232656,4,4,most_frequent
14965.0,0.906836831744487,True,gini,0.7979222907177883,14,11,median
14965.0,0.906836831744487,True,gini,0.765823592068615,2,13,mean
14965.0,0.906814713233505,True,gini,0.609748760361682,3,19,median
14965.0,0.9067925947225233,True,gini,0.7780792934014155,9,12,median
14965.0,0.9067704762115415,True,entropy,0.6024819709091058,11,4,mean
14965.0,0.9067704762115415,True,gini,0.3711448753342461,5,18,median
14965.0,0.9067704762115415,True,gini,0.22281590232473125,1,20,most_frequent
14965.0,0.9067704762115415,True,gini,0.28116297583283,7,19,most_frequent
14965.0,0.9067262391895778,True,gini,0.7900662940483115,10,14,mean
14965.0,0.9067262391895778,True,entropy,0.2459348093633679,5,8,most_frequent
14965.0,0.9067262391895778,True,gini,0.279304607972538,1,7,mean
14965.0,0.9067262391895778,True,gini,0.5424301068090739,3,8,most_frequent
14965.0,0.9067262391895778,True,entropy,0.5174746980252557,3,14,median
14969.0,0.6904689557378709,False,entropy,0.1949752013642356,1,9,median
14969.0,0.6881393699989872,False,entropy,0.27094493857228097,3,9,median
14969.0,0.6868226476248354,False,entropy,0.41908276726382243,1,10,mean
14969.0,0.6834801985212196,False,gini,0.6495925267048653,2,3,median
14969.0,0.6831763395117999,False,gini,0.2543606317252365,3,4,mean
14969.0,0.6819609034741214,False,gini,0.4311894488994883,1,9,most_frequent
14969.0,0.6814544717917553,True,entropy,0.5286063703852591,1,2,most_frequent
14969.0,0.6813531854552821,False,gini,0.3926026609228235,3,7,median
14969.0,0.6802390357540767,False,entropy,0.4006306775096834,5,11,most_frequent
14969.0,0.6799351767446572,False,gini,0.31298148960370686,4,4,most_frequent
14969.0,0.6793274587258179,False,gini,0.2761917636214267,2,10,mean
14969.0,0.6786184543705055,False,gini,0.12524506210358075,3,5,most_frequent
14969.0,0.678415881697559,False,gini,0.24255917234647095,4,5,mean
14969.0,0.6774030183328269,False,entropy,0.7089903195027983,3,6,mean
14969.0,0.6770991593234073,True,gini,0.6407289496124478,1,3,median
14969.0,0.676997872986934,False,entropy,0.7036063620520115,1,11,most_frequent
14969.0,0.6768965866504608,False,entropy,0.38040689912148273,5,13,most_frequent
14969.0,0.6758837232857288,False,gini,0.15255843445657355,3,9,mean
14969.0,0.6756811506127823,False,entropy,0.7473197769724628,3,3,mean
14969.0,0.6753772916033627,False,entropy,0.7128814274447757,2,10,mean
14970.0,0.981357413341101,False,entropy,0.5059976567467931,3,3,most_frequent
14970.0,0.981357413341101,False,entropy,0.4570813092483993,1,3,most_frequent
14970.0,0.981357413341101,False,entropy,0.14594510053001042,7,8,mean
14970.0,0.981260316535586,False,entropy,0.5226272685095099,2,2,median
14970.0,0.9811632197300709,False,entropy,0.33608981642727953,6,5,most_frequent
14970.0,0.9811632197300709,False,entropy,0.4871401183215668,1,9,median
14970.0,0.9808719293135256,True,entropy,0.23770006555402512,2,7,median
14970.0,0.9805806388969803,True,entropy,0.22213574681429504,3,8,mean
14970.0,0.980289348480435,False,entropy,0.41154187873493997,7,14,mean
14970.0,0.980289348480435,True,entropy,0.26508969095036006,1,6,mean
14970.0,0.98019225167492,False,entropy,0.24590254978598056,8,3,mean
14970.0,0.9799980580638896,True,entropy,0.3196388726731082,2,8,mean
14970.0,0.9799980580638896,True,entropy,0.5725478806585239,1,6,median
14970.0,0.9799980580638896,False,gini,0.2832428060731541,1,9,mean
14970.0,0.9799980580638896,False,gini,0.18876395796861623,5,12,mean
14970.0,0.9797067676473443,True,entropy,0.24725099161319344,2,11,mean
14970.0,0.9796096708418293,False,entropy,0.346731542734174,8,5,most_frequent
14970.0,0.9796096708418293,True,entropy,0.31208366237281104,2,14,most_frequent
14970.0,0.9795125740363142,False,entropy,0.30172287336302955,6,20,median
14970.0,0.9795125740363142,False,entropy,0.505573849170626,4,8,median
125920.0,0.64,True,entropy,0.43222289114212653,16,10,median
125920.0,0.638,True,gini,0.3676538522731342,19,10,median
125920.0,0.638,False,gini,0.23948580370453698,17,15,median
125920.0,0.638,True,entropy,0.4188861190317622,20,7,most_frequent
125920.0,0.638,False,entropy,0.11009438899856826,12,7,most_frequent
125920.0,0.638,True,gini,0.23017344300605852,11,15,median
125920.0,0.638,True,gini,0.5694861802034191,19,14,mean
125920.0,0.638,True,gini,0.28731612902979753,5,20,mean
125920.0,0.638,False,gini,0.1614445868831206,10,20,most_frequent
125920.0,0.638,False,gini,0.17988141294709808,13,3,most_frequent
125920.0,0.638,True,gini,0.3781315104390991,20,12,most_frequent
125920.0,0.638,True,gini,0.407829496089413,20,4,most_frequent
125920.0,0.636,True,gini,0.30540855491717667,17,7,mean
125920.0,0.636,False,gini,0.2081582294024484,19,20,median
125920.0,0.636,False,gini,0.14702732035334334,14,15,mean
125920.0,0.636,True,gini,0.704784447479108,20,19,most_frequent
125920.0,0.636,True,entropy,0.6733334064453702,15,7,median
125920.0,0.636,False,gini,0.162034306343939,20,10,mean
125920.0,0.636,False,gini,0.19021090800162926,11,14,mean
125920.0,0.636,True,entropy,0.15919830277614164,10,10,most_frequent
125922.0,0.978,False,entropy,0.5030656954561992,2,6,mean
125922.0,0.978,True,entropy,0.33185807835211034,2,3,most_frequent
125922.0,0.9778181818181818,True,gini,0.11644590337786297,1,5,most_frequent
125922.0,0.9778181818181818,False,gini,0.25866778743299457,2,8,most_frequent
125922.0,0.9776363636363636,False,gini,0.2879925406525937,2,5,mean
125922.0,0.9774545454545455,True,entropy,0.16909229556192268,2,6,most_frequent
125922.0,0.977090909090909,False,gini,0.30171885050530667,4,4,most_frequent
125922.0,0.977090909090909,False,gini,0.4909194319929868,1,3,most_frequent
125922.0,0.977090909090909,False,entropy,0.426083997479087,2,11,mean
125922.0,0.9769090909090908,False,entropy,0.44668267800541084,2,12,median
125922.0,0.9769090909090908,True,gini,0.1407945089935085,2,2,mean
125922.0,0.9767272727272727,False,entropy,0.4308448061846445,3,12,most_frequent
125922.0,0.9767272727272727,False,entropy,0.6237825508477199,3,4,median
125922.0,0.9767272727272727,True,gini,0.1111408859933552,1,8,median
125922.0,0.9765454545454546,False,entropy,0.1829191588638424,2,17,mean
125922.0,0.9763636363636364,True,entropy,0.24842335899992804,2,7,most_frequent
125922.0,0.9761818181818183,False,entropy,0.16690731937133718,1,20,most_frequent
125922.0,0.9761818181818183,True,entropy,0.1874543754567684,2,5,median
125922.0,0.9761818181818183,True,entropy,0.46057797468449013,1,5,median
125922.0,0.9761818181818183,False,gini,0.28336307454487414,1,13,median
146195.0,0.8259839838950812,False,entropy,0.7095979560558735,3,18,median
146195.0,0.8258063561140961,False,gini,0.2366498785276714,2,9,mean
146195.0,0.82576194916885,False,entropy,0.6344850646311743,4,18,mean
146195.0,0.8256879375934396,False,entropy,0.5789383220210264,1,16,median
146195.0,0.8248146010035969,False,gini,0.6118572260138464,1,11,most_frequent
146195.0,0.8243261246058884,False,entropy,0.4843222650771294,5,2,median
146195.0,0.8242077060852318,False,entropy,0.5931132975608177,3,8,mean
146195.0,0.8237932412629335,False,entropy,0.44367599941486735,4,9,most_frequent
146195.0,0.8237488343176872,False,gini,0.26012314640759177,3,11,median
146195.0,0.8236452181121128,False,entropy,0.6550633382334894,4,18,most_frequent
146195.0,0.8236452181121128,False,gini,0.42742691544670597,2,16,mean
146195.0,0.8233935787557174,True,entropy,0.6167122720991752,1,12,most_frequent
146195.0,0.82312713708424,False,gini,0.4525991261789918,6,12,mean
146195.0,0.8230827301389937,False,gini,0.25961010896597314,2,5,most_frequent
146195.0,0.8228162884675163,False,entropy,0.21026490428530176,3,10,mean
146195.0,0.822757079207188,False,gini,0.5020374859511246,6,13,most_frequent
146195.0,0.8226682653166955,False,entropy,0.44010082577482745,5,8,most_frequent
146195.0,0.8225498467960389,False,entropy,0.2500185693348983,3,18,median
146195.0,0.8224906375357106,False,entropy,0.2508249593700492,4,11,most_frequent
146195.0,0.822372219015054,False,entropy,0.59757349085268,3,11,most_frequent
146800.0,1.0,False,entropy,0.2894518706278094,8,8,median
146800.0,1.0,True,entropy,0.8323334568972176,3,13,most_frequent
146800.0,1.0,False,gini,0.32222115615118885,2,18,median
146800.0,1.0,True,entropy,0.3994681138536651,4,14,median
146800.0,1.0,True,entropy,0.1942534455977546,11,5,most_frequent
146800.0,1.0,True,entropy,0.7425560244593593,3,15,most_frequent
146800.0,1.0,True,gini,0.5907140245284919,19,4,mean
146800.0,1.0,False,entropy,0.609523901271346,7,9,most_frequent
146800.0,1.0,False,gini,0.7600034351917361,4,5,most_frequent
146800.0,1.0,False,entropy,0.6912787952875182,20,16,mean
146800.0,1.0,True,entropy,0.654540135166614,20,4,most_frequent
146800.0,1.0,True,gini,0.7938944549976391,16,16,median
146800.0,1.0,True,gini,0.19369960838260544,9,9,mean
146800.0,1.0,False,entropy,0.43516680701187793,1,10,median
146800.0,1.0,False,entropy,0.732418366994836,15,17,mean
146800.0,1.0,False,gini,0.16134831819713089,10,12,mean
146800.0,1.0,False,gini,0.3069018351146344,7,14,median
146800.0,1.0,True,entropy,0.11340003079844606,4,8,most_frequent
146800.0,1.0,False,entropy,0.38989753457623866,18,7,most_frequent
146800.0,1.0,False,gini,0.2489878532294652,3,5,most_frequent
146817.0,1.0,True,entropy,0.511573020087005,2,15,median
146817.0,1.0,True,entropy,0.6342808598536608,6,7,most_frequent
146817.0,1.0,True,entropy,0.4845102867406802,2,8,most_frequent
146817.0,1.0,False,gini,0.5705123529641563,14,10,most_frequent
146817.0,1.0,False,entropy,0.7889743692227396,15,7,most_frequent
146817.0,1.0,True,gini,0.8478643382070262,6,4,mean
146817.0,1.0,True,gini,0.8423553791476532,4,9,most_frequent
146817.0,1.0,True,entropy,0.7033507343941721,3,3,mean
146817.0,1.0,True,gini,0.7015484763082996,1,9,most_frequent
146817.0,1.0,False,gini,0.47867398980262343,11,17,mean
146817.0,1.0,True,entropy,0.6216921717075538,4,6,median
146817.0,1.0,False,gini,0.7586470087042371,2,5,median
146817.0,1.0,False,gini,0.738622927990697,2,15,median
146817.0,1.0,False,entropy,0.6052247756628564,16,3,mean
146817.0,1.0,False,gini,0.7936237877189529,19,3,median
146817.0,1.0,False,gini,0.6444429513704106,5,17,most_frequent
146817.0,1.0,True,gini,0.7454366665509261,2,15,most_frequent
146817.0,1.0,False,entropy,0.6351880027609756,6,17,median
146817.0,1.0,True,gini,0.6806225286308147,4,2,most_frequent
146817.0,1.0,False,entropy,0.5042010339601989,3,18,mean
146819.0,0.9203703703703704,True,gini,0.5048496847937236,1,2,median
146819.0,0.9203703703703704,True,entropy,0.6132417777064719,1,14,median
146819.0,0.9203703703703704,True,entropy,0.7285704716849775,1,8,mean
146819.0,0.9203703703703704,True,gini,0.8675018162621296,4,16,mean
146819.0,0.9203703703703704,False,gini,0.3887885207542259,10,7,median
146819.0,0.9203703703703704,True,entropy,0.4298124848308743,1,11,mean
146819.0,0.9203703703703704,False,gini,0.2724890522674288,7,2,mean
146819.0,0.9203703703703704,True,entropy,0.5429379325322429,4,13,median
146819.0,0.9203703703703704,True,gini,0.8376512801465265,9,3,median
146819.0,0.9185185185185185,True,gini,0.7337108263325506,8,13,most_frequent
146819.0,0.9185185185185185,True,gini,0.8640347720574455,4,3,most_frequent
146819.0,0.9185185185185185,True,entropy,0.7307621272304776,8,3,median
146819.0,0.9185185185185185,True,entropy,0.5841357015102527,2,11,mean
146819.0,0.9185185185185185,True,entropy,0.5574156662693207,1,13,most_frequent
146819.0,0.9185185185185185,True,gini,0.8894792414504779,10,5,most_frequent
146819.0,0.9185185185185185,True,gini,0.6924243729063134,7,3,most_frequent
146819.0,0.9185185185185185,False,gini,0.43153729088497483,11,16,most_frequent
146819.0,0.9185185185185185,True,entropy,0.706101916551137,7,12,mean
146819.0,0.9185185185185185,True,entropy,0.8431206449712441,2,15,most_frequent
146819.0,0.9185185185185185,True,entropy,0.6610008486030554,2,7,most_frequent
146820.0,0.984707584211614,True,entropy,0.8357458151796434,5,19,median
146820.0,0.984707584211614,False,entropy,0.7722604018019502,3,5,most_frequent
146820.0,0.984707584211614,False,gini,0.7951917626506505,2,15,median
146820.0,0.984707584211614,True,entropy,0.8728570936162375,4,8,mean
146820.0,0.984707584211614,True,entropy,0.81369086448161,6,19,most_frequent
146820.0,0.984707584211614,False,gini,0.729221854862542,4,15,mean
146820.0,0.9845009299442034,True,entropy,0.8865964007642629,4,4,mean
146820.0,0.9845009299442034,True,gini,0.8863458074986588,1,2,mean
146820.0,0.9845009299442034,False,entropy,0.7024203164821518,1,12,most_frequent
146820.0,0.9845009299442034,True,entropy,0.6074592777473975,3,10,mean
146820.0,0.9845009299442034,False,entropy,0.8935357693772471,10,9,most_frequent
146820.0,0.9845009299442034,False,entropy,0.6999981389747326,1,15,median
146820.0,0.9845009299442034,True,gini,0.6630384679957971,3,13,median
146820.0,0.9845009299442034,False,entropy,0.6253605725534056,3,18,mean
146820.0,0.9845009299442034,True,entropy,0.7974180601678457,1,7,most_frequent
146820.0,0.9845009299442034,True,gini,0.8436879955624456,5,10,most_frequent
146820.0,0.9842942756767927,False,entropy,0.6205572771043345,5,14,most_frequent
146820.0,0.9842942756767927,False,entropy,0.8959256805192838,14,4,mean
146820.0,0.9842942756767927,False,entropy,0.6375876051357035,2,5,mean
146820.0,0.9842942756767927,False,entropy,0.6450046944715162,2,9,mean
146821.0,0.9751157407407408,False,entropy,0.42013668405617144,1,5,mean
146821.0,0.9745370370370371,True,gini,0.5503946859270407,1,2,median
146821.0,0.9745370370370371,False,gini,0.7057483789779805,2,8,mean
146821.0,0.9745370370370371,False,gini,0.6958558083707392,3,6,mean
146821.0,0.9739583333333333,False,gini,0.7725557946765343,2,6,mean
146821.0,0.9733796296296297,False,entropy,0.8062823793494323,3,2,most_frequent
146821.0,0.9733796296296297,False,gini,0.3613430086239612,1,3,median
146821.0,0.9733796296296297,False,entropy,0.5918357103994327,1,12,median
146821.0,0.9733796296296297,False,gini,0.7597413898435995,3,4,mean
146821.0,0.9733796296296297,False,entropy,0.8153723047611001,1,10,mean
146821.0,0.9728009259259259,False,gini,0.7867902520793087,3,3,mean
146821.0,0.9728009259259259,False,entropy,0.6290513448932558,3,11,median
146821.0,0.9716435185185185,True,entropy,0.5732083234911779,1,7,median
146821.0,0.9716435185185185,True,entropy,0.6009294106646985,1,6,most_frequent
146821.0,0.9716435185185185,False,entropy,0.5935636882159682,3,12,median
146821.0,0.9704861111111112,True,entropy,0.741891076563504,1,9,median
146821.0,0.9704861111111112,False,entropy,0.42114563566655927,2,3,mean
146821.0,0.9693287037037037,False,entropy,0.6702260124055579,4,11,most_frequent
146821.0,0.96875,False,gini,0.8132331455818583,2,15,median
146821.0,0.9681712962962963,False,entropy,0.8062231716434464,4,3,mean
146824.0,0.971,False,entropy,0.33535507913701157,2,8,mean
146824.0,0.971,False,entropy,0.2081915564496054,4,4,mean
146824.0,0.971,False,gini,0.21524905730176408,1,9,median
146824.0,0.971,False,gini,0.14818433701212835,3,13,mean
146824.0,0.971,False,entropy,0.12283149039459369,6,12,most_frequent
146824.0,0.9704999999999999,True,entropy,0.13270092399254754,3,2,mean
146824.0,0.9704999999999999,False,entropy,0.3425331257035278,2,8,median
146824.0,0.9704999999999999,False,gini,0.2116744351325801,1,9,mean
146824.0,0.9704999999999999,False,gini,0.18483128709459618,4,10,most_frequent
146824.0,0.9704999999999999,False,gini,0.14302749519823596,1,15,median
146824.0,0.97,False,entropy,0.3086711054052843,4,8,mean
146824.0,0.97,False,entropy,0.12712313195741132,4,15,mean
146824.0,0.97,False,entropy,0.21086886074880493,3,11,most_frequent
146824.0,0.97,False,entropy,0.22043748820254117,5,12,median
146824.0,0.9695,False,entropy,0.49678143486863036,2,3,mean
146824.0,0.9695,True,entropy,0.20671561115711948,2,8,median
146824.0,0.9695,False,gini,0.23161029009968992,3,9,median
146824.0,0.9690000000000001,False,entropy,0.37072947139928336,3,9,most_frequent
146824.0,0.9684999999999999,True,gini,0.18797821176462604,3,9,mean
146824.0,0.968,False,entropy,0.13636080273164153,5,15,median
167125.0,0.9749923757243062,True,entropy,0.5445934293437563,3,9,median
167125.0,0.9749923757243062,False,gini,0.3837147224925789,4,5,mean
167125.0,0.9746874046965539,True,gini,0.8544866219766071,3,4,median
167125.0,0.9746874046965539,True,entropy,0.7859162500114807,2,4,most_frequent
167125.0,0.9746874046965539,True,entropy,0.18354887055680616,4,11,median
167125.0,0.9743824336688014,False,gini,0.27227377235171596,1,14,most_frequent
167125.0,0.9743824336688014,False,entropy,0.570791450521897,4,4,median
167125.0,0.9737724916132967,True,gini,0.36803697551448533,4,9,mean
167125.0,0.9737724916132967,False,entropy,0.3618478201721592,2,19,mean
167125.0,0.9737724916132967,True,gini,0.12029281473350428,4,6,most_frequent
167125.0,0.9734675205855444,True,entropy,0.5574988652481018,4,10,median
167125.0,0.9734675205855444,False,gini,0.33156995687588237,6,9,median
167125.0,0.9734675205855444,True,gini,0.11345617981060876,4,10,most_frequent
167125.0,0.9734675205855444,True,gini,0.24800570098272276,1,19,most_frequent
167125.0,0.9734675205855444,False,entropy,0.27196688843481254,7,12,mean
167125.0,0.973162549557792,False,entropy,0.5016795059647987,6,13,median
167125.0,0.973162549557792,True,entropy,0.4640652289756678,4,8,mean
167125.0,0.973162549557792,True,gini,0.12886404942166305,6,3,most_frequent
167125.0,0.973162549557792,False,gini,0.10899518607641374,9,19,median
167125.0,0.973162549557792,False,gini,0.11872697524650411,6,2,median
