instance_count,log_instance_count,number_of_classes,number_of_features,log_number_of_features,percentage_missing_values,percentage_of_instances_with_missing_values,percentage_of_features_with_missing_values,percentage_of_categorical_columns_with_missing_values,percentage_of_categorical_values_with_missing_values,percentage_of_numeric_columns_with_missing_values,percentage_of_numeric_values_with_missing_values,number_of_numeric_features,number_of_categorical_features,ratio_numerical_features,ratio_categorical_features,ratio_features_to_instances,minority_class_imbalance,majority_class_imbalance,class_imbalance,mean_categorical_imbalance,std_categorical_imbalance,skewness_mean,skewness_std,skewness_min,skewness_max,kurtosis_mean,kurtosis_std,kurtosis_min,kurtosis_max,percentage_n_a,num_mean_mean,num_std_mean,num_var_mean,num_min_mean,num_max_mean,num_zero_frac,class_entropy,class_entropy_norm,class_max_prob,class_min_prob,ratio_outlier_features,canonical_corr_attr_class,dataset_id
3196.0,8.069655306886165,2.0,36.0,3.58351893845611,0.0,0.0,0.0,0.0,0.0,0.0,0.0,0.0,36.0,0.0,1.0,0.011264080100125156,0.02221526908635796,0.02221526908635796,0.04443053817271592,0.6321052357113058,0.2865717070040301,0.0,0.0,0.0,0.0,0.0,0.0,0.0,0.0,0.0,,,,,,,0.9985755386554581,0.9985755386554581,0.522215269086358,0.47778473091364204,,,3
20000.0,9.903487552536127,26.0,16.0,2.772588722239781,0.0,0.0,0.0,0.0,0.0,0.0,0.0,16.0,0.0,1.0,0.0,0.0008,0.0009159999999999993,0.0011379999999999982,0.013219999999999997,0.0,0.0,0.29029703410180985,0.4552305332806456,-0.31007906987273065,1.159975015423379,0.6977379005298197,0.6709184606328631,-0.4211788221165569,2.075245046157571,0.0,5.925465625,2.2737711454464016,5.344023546021051,0.0,15.0,0.026209375,4.699810726573158,0.9998661845262038,0.04065,0.0367,0.9375,0.8880225584996884,6
625.0,6.437751649736401,3.0,4.0,1.3862943611198906,0.0,0.0,0.0,0.0,0.0,0.0,0.0,4.0,0.0,1.0,0.0,0.0064,0.19119999999999998,0.09559999999999999,0.38239999999999996,0.0,0.0,0.0,0.0,0.0,0.0,-1.300798439249973,0.0,-1.300798439249973,-1.300798439249973,0.0,3.0,1.4153462926807447,2.003205128205128,1.0,5.0,0.0,1.318116246441582,0.831638758545922,0.4608,0.0784,0.0,0.8226008887803499,11
2000.0,7.600902459542082,10.0,216.0,5.375278407684165,0.0,0.0,0.0,0.0,0.0,0.0,0.0,216.0,0.0,1.0,0.0,0.108,0.0,0.0,0.0,0.0,0.0,0.027560516903782303,0.4246221655532513,-1.0738237890694804,0.8630705307139173,-0.31518820070483067,0.5399663761258487,-1.3893209589478597,1.7012862999932556,0.0,318.27038888888893,49.581313183956304,4581.543057130418,188.0601851851852,474.6111111111111,0.005442129629629629,3.321928094887362,1.0,0.1,0.1,0.6064814814814815,0.9804957690774515,12
2000.0,7.600902459542082,10.0,76.0,4.330733340286331,0.0,0.0,0.0,0.0,0.0,0.0,0.0,76.0,0.0,1.0,0.0,0.038,0.0,0.0,0.0,0.0,0.0,0.5447006835842778,0.24754115695554565,-0.1206246202987202,1.0299855346493232,0.11900628082326721,0.6343081004614413,-1.1252793103314478,1.9949226202588068,0.0,0.13203208401769737,0.0671079516668835,0.005520282684969967,0.003192156710526316,0.3819513794736842,0.0,3.321928094887362,1.0,0.1,0.1,0.9078947368421053,0.9708470078178845,14
699.0,6.54965074223381,2.0,9.0,2.1972245773362196,0.002543315848036878,0.022889842632331903,0.1111111111111111,0.0,0.0,0.1111111111111111,0.002543315848036878,9.0,0.0,1.0,0.0,0.012875536480686695,0.1552217453505007,0.1552217453505007,0.3104434907010014,0.0,0.0,1.47748866673108,0.7973552467075149,0.5928585326862844,3.5606578444952945,1.6841150960407207,3.9675429374848448,-0.7988441354436477,12.657878067025493,0.002543315848036878,3.135704100282237,2.7510805456186285,7.846429530897199,1.0,10.0,0.0,0.9293179372497982,0.9293179372497982,0.6552217453505007,0.3447782546494993,0.4444444444444444,0.9158553066452703,15
2000.0,7.600902459542082,10.0,64.0,4.1588830833596715,0.0,0.0,0.0,0.0,0.0,0.0,0.0,64.0,0.0,1.0,0.0,0.032,0.0,0.0,0.0,0.0,0.0,-0.004285662607736736,0.16341353866962663,-0.33911309273191237,0.41872204809566843,-0.04565484575249523,0.25233211590015525,-0.9447092659152543,0.5809426013669281,0.0,0.05308473924664062,2.1526628287026788,6.491588677205074,-6.7565145228125,6.893724891875,0.0,3.321928094887362,1.0,0.1,0.1,0.953125,0.9569173525765609,16
2000.0,7.600902459542082,10.0,6.0,1.791759469228055,0.0,0.0,0.0,0.0,0.0,0.0,0.0,6.0,0.0,1.0,0.0,0.003,0.0,0.0,0.0,0.0,0.0,0.5315671843447335,0.33492499497810635,-0.06283666261435186,1.008483001475662,-0.5362369226243187,0.3781518058989208,-1.0383559313284458,0.0794938700562029,0.0,1052.6997316402774,630.9070825140196,2353407.4348732415,256.69782190666666,2969.839272355,0.20333333333333334,3.321928094887362,1.0,0.1,0.1,0.16666666666666666,0.9877175581231814,18
2000.0,7.600902459542082,10.0,47.0,3.8501476017100584,0.0,0.0,0.0,0.0,0.0,0.0,0.0,47.0,0.0,1.0,0.0,0.0235,0.0,0.0,0.0,0.0,0.0,0.790830076474756,0.48244611717101504,0.005491522368602197,1.7945995145373375,0.7353956813037774,1.4066386387702383,-0.9914117205299373,4.370101298879654,0.0,88.63642941472713,40.125452921755205,2910.4386186554443,13.034599618723405,221.22523790510638,0.0,3.321928094887362,1.0,0.1,0.1,0.851063829787234,0.9371866789006229,22
1473.0,7.29505641646263,3.0,9.0,2.1972245773362196,0.0,0.0,0.0,0.0,0.0,0.0,0.0,2.0,7.0,0.2222222222222222,0.7777777777777778,0.006109979633401222,0.08044806517311606,0.07026476578411407,0.16089613034623218,0.4872789577473896,0.20689349252122635,0.677731575793992,0.42128237031209326,0.25644920548189876,1.0990139461060853,0.29285603023391094,1.236750521097754,-0.9438944908638431,1.529606551331665,0.0,17.89986422267481,5.292896809079016,36.62515450205142,8.0,32.5,0.03292600135777325,1.5390345832497476,0.971022710347714,0.4270196877121521,0.22606924643584522,0.5,0.26599069866060354,23
5620.0,8.634086942887738,10.0,64.0,4.1588830833596715,0.0,0.0,0.0,0.0,0.0,0.0,0.0,64.0,0.0,1.0,0.0,0.011387900355871887,0.0007908264136022149,0.0009885330170027646,0.005733491498616054,0.0,0.0,5.280836107520172,11.079486045529404,-1.302992451715646,52.99527777137818,163.28656088540754,475.5440457311854,-1.6465198529421108,2807.498575815593,0.0,4.911243327402135,3.6862924649286324,18.81369800483901,0.0,13.390625,0.4883868994661922,3.3218327248667654,0.9999712907631133,0.10177935943060498,0.09857651245551602,0.171875,0.9328023001626903,28
690.0,6.536691597591305,2.0,15.0,2.70805020110221,0.006473429951690821,0.0536231884057971,0.4666666666666667,0.5555555555555556,0.00676328502415459,0.3333333333333333,0.006038647342995169,6.0,9.0,0.4,0.6,0.021739130434782608,0.05507246376811592,0.05507246376811592,0.11014492753623184,0.41268103250762816,0.2815507702481657,4.423867143578729,4.105103183912149,1.1458915555559264,13.140655014445459,49.93170391116674,75.52018870413458,1.1192361294529949,214.66997242752623,0.006473429951690821,207.0584299702249,901.5091409447055,4529263.416240607,2.2916666666666665,17033.958333333332,0.22004830917874396,0.9912308989033521,0.9912308989033521,0.5550724637681159,0.4449275362318841,1.0,0.48036286431839126,29
1000.0,6.907755278982137,2.0,20.0,2.995732273553991,0.0,0.0,0.0,0.0,0.0,0.0,0.0,7.0,13.0,0.35,0.65,0.02,0.2,0.19999999999999996,0.39999999999999997,0.5005000000000001,0.23499387835270913,0.9203791257169,0.9049518896502818,-0.5313481143125486,1.9496276798326209,0.9242775257980996,1.7854665070327316,-1.3814485027493704,4.29259030804851,0.0,476.5838571428571,407.0476188282119,1138303.0316721008,39.57142857142857,2655.0,0.0,0.8812908992306927,0.8812908992306927,0.7,0.3,0.5714285714285714,0.2507825799230582,31
10992.0,9.30492301446213,10.0,16.0,2.772588722239781,0.0,0.0,0.0,0.0,0.0,0.0,0.0,16.0,0.0,1.0,0.0,0.001455604075691412,0.0022339479217208507,0.002264273006631083,0.022238395600841017,0.0,0.0,-0.03919608212031135,0.654841646035446,-1.491182875203131,0.9482646831122558,-0.5010429355334174,1.1112682822597764,-1.685793174469628,3.0507472845480437,0.0,50.711045533115,29.774238237334707,929.6726760355245,0.0,100.0,0.12829785298398835,3.320771738890595,0.9996519021593072,0.10407569141193596,0.09597889374090247,0.1875,0.9328662191055334,32
768.0,6.643789733147672,2.0,8.0,2.0794415416798357,0.0,0.0,0.0,0.0,0.0,0.0,0.0,8.0,0.0,1.0,0.0,0.010416666666666666,0.15104166666666669,0.15104166666666663,0.3020833333333333,0.0,0.0,0.5292461289375234,1.2410904298246983,-1.8436079833551302,2.272250858431574,2.7753623954423947,2.7502061008597867,-0.520071866153013,7.2142595543487715,0.0,44.98579117838541,25.733742975451573,1893.0594716960932,2.63475,179.19,0.12418619791666667,0.9331343166407831,0.9331343166407831,0.6510416666666666,0.3489583333333333,1.0,0.5506842068290063,37
4601.0,8.434028950155469,2.0,57.0,4.04305126783455,0.0,0.0,0.0,0.0,0.0,0.0,0.0,57.0,0.0,1.0,0.0,0.01238861117148446,0.10595522712453814,0.1059552271245382,0.21191045424907634,0.0,0.0,11.186639096028685,6.897289088738801,1.5916742687064176,31.062064279035454,241.17001865177343,294.62161648968123,5.257394367988139,1480.6420502862773,0.0,6.150770191072116,15.193997694546765,7134.779356552071,0.05263157894736842,483.9420701754385,0.7741490217610969,0.9673602371807666,0.9673602371807666,0.6059552271245382,0.39404477287546186,0.24561403508771928,0.7482889655344738,44
3190.0,8.06777619577889,3.0,60.0,4.0943445622221,0.0,0.0,0.0,0.0,0.0,0.0,0.0,0.0,60.0,0.0,1.0,0.018808777429467086,0.06967084639498429,0.1391065830721003,0.27821316614420055,0.21500888192267506,0.10385102557442216,0.0,0.0,0.0,0.0,0.0,0.0,0.0,0.0,0.0,,,,,,,1.4801700696136337,0.933883337265177,0.5188087774294671,0.24043887147335424,,,46
958.0,6.86484777797086,2.0,9.0,2.1972245773362196,0.0,0.0,0.0,0.0,0.0,0.0,0.0,0.0,9.0,0.0,1.0,0.009394572025052192,0.1534446764091858,0.1534446764091858,0.3068893528183716,0.1555323590814196,0.046972860125260946,0.0,0.0,0.0,0.0,0.0,0.0,0.0,0.0,0.0,,,,,,,0.9309539862507961,0.9309539862507961,0.6534446764091858,0.3465553235908142,,,50
846.0,6.740519359606223,4.0,18.0,2.8903717578961645,0.0,0.0,0.0,0.0,0.0,0.0,0.0,18.0,0.0,1.0,0.0,0.02127659574468085,0.009850275807722611,0.00512214342001575,0.019700551615445185,0.0,0.0,1.0415777283622751,1.6518521241768302,-0.22634128032982512,6.7783936191089476,5.1531405165147595,14.822384535391619,-0.9784712963069739,58.37545547363182,0.0,117.63494877856581,22.770839172096302,2025.5889786487985,78.38888888888889,198.88888888888889,0.0070265300761754666,1.999066765534363,0.9995333827671815,0.2576832151300236,0.23522458628841608,0.4444444444444444,0.841991228914673,54
45312.0,10.721327177053391,2.0,8.0,2.0794415416798357,0.0,0.0,0.0,0.0,0.0,0.0,0.0,7.0,1.0,0.875,0.125,0.00017655367231638418,0.0754546257062147,0.07545462570621464,0.15090925141242933,0.0010593220338983484,0.0,12.618112702577076,27.150279873383766,-0.165814525794946,78.68700692524668,1029.170540784117,2457.69675926803,-1.318137404673053,7047.77428785379,0.0,0.3441820375901686,0.16041848036680112,0.03846065133571841,0.0,1.0,0.0033387560532687653,0.9835093906057095,0.9835093906057095,0.5754546257062146,0.4245453742937853,0.7142857142857143,0.4474031287714194,151
6430.0,8.768729817231666,6.0,36.0,3.58351893845611,0.0,0.0,0.0,0.0,0.0,0.0,0.0,36.0,0.0,1.0,0.0,0.005598755832037325,0.0416796267496112,0.04286158631415241,0.22021772939346818,0.0,0.0,0.04046023385100365,0.5578673519550533,-0.6740118722728567,0.9194954990162653,-0.15411688047872604,0.8340190537758795,-0.9198282387807937,1.2779853616658086,0.0,-0.0005560885260065678,1.0000219953862934,1.000044019764808,-2.595993833333333,2.8229496111111114,0.0,2.4833618760456604,0.9606955131275015,0.23810264385692068,0.09720062208398134,0.25,0.9333587832176379,182
736.0,6.601230118728877,5.0,19.0,2.9444389791664403,0.032036613272311214,0.12907608695652173,0.47368421052631576,0.0,0.0,0.6428571428571429,0.043478260869565216,14.0,5.0,0.7368421052631579,0.2631578947368421,0.025815217391304348,0.035835597826086966,0.05672554347826087,0.16915760869565222,0.2953521026075373,0.05472403838805704,2.5514530161151705,7.132742337929585,-0.6970908724266807,27.109270846229666,62.865966258133255,190.040917646126,-1.887802596870332,734.9416211795773,0.032036613272311214,390.0868288072738,172.61081562461393,201139.34408108992,207.33571428571426,3540.1635714285717,0.0007763975155279503,2.262083620428274,0.9742263877202488,0.2907608695652174,0.14266304347826086,0.6428571428571429,0.8651030393203822,188
3772.0,8.235360643753348,2.0,29.0,3.367295829986474,0.05543569678575346,1.0,0.27586206896551724,0.08695652173913043,0.045207247913688964,1.0,0.09464475079533403,6.0,23.0,0.20689655172413793,0.7931034482758621,0.0076882290562036056,0.4387592788971368,0.43875927889713684,0.8775185577942737,,,3.5691918824691036,4.619724818308129,1.2326742385072795,13.88265275504177,51.41313506551004,84.5013084551575,4.073471498748894,238.1814623780632,0.05543569678575346,46.436689696411385,19.053877588965562,561.3369091191163,0.8841666666666667,303.82,0.0,0.3323505555321104,0.3323505555321104,0.9387592788971368,0.0612407211028632,1.0,0.4088511404343141,38
990.0,6.897704943128636,11.0,12.0,2.4849066497880004,0.0,0.0,0.0,0.0,0.0,0.0,0.0,10.0,2.0,0.8333333333333334,0.16666666666666666,0.012121212121212121,0.0,0.0,0.0,0.033333333333333326,0.033333333333333326,0.09111527285062486,0.160005616727564,-0.20615204556382105,0.3570604221210377,-0.39142721501684685,0.25964376694636393,-0.7621395184642967,0.15243688024771584,0.0,-0.10318040404040403,0.6993318109424391,0.5258041944337204,-1.9466999999999999,1.8246000000000002,0.0006060606060606061,3.4594316186372978,1.0000000000000002,0.09090909090909091,0.09090909090909091,0.5,0.8817142153590543,307
7797.0,8.9614943233096,26.0,617.0,6.424869023905388,0.0,0.0,0.0,0.0,0.0,0.0,0.0,617.0,0.0,1.0,0.0,0.07913299987174555,0.0001256893677055304,7.695267410542384e-06,0.0003693728357060416,0.0,0.0,0.44206745255135904,1.8097272222447014,-2.367036228796092,10.771901703243552,3.605662565275793,15.365610012810626,-1.4737498885033373,136.53558205054316,0.0,0.06479603695807033,0.4140807323633421,0.18622938864859945,-0.9348064829821717,0.9828541329011345,0.003560360351371481,4.700438279876529,0.9999996940148903,0.038476337052712584,0.03821982813902783,0.5591572123176661,0.9851884569444934,300
841.0,6.734591659972948,4.0,70.0,4.248495242049359,0.0,0.0,0.0,0.0,0.0,0.0,0.0,70.0,0.0,1.0,0.0,0.08323424494649227,0.12306777645659928,0.08462148236226714,0.30519223147047164,0.0,0.0,1.1147021119329903,0.6778125117860878,-0.04070892060729227,4.087186736805139,2.359129460351534,3.6342633915158182,-0.79026158629887,21.231717234335754,0.0,10.12524205877357,5.356526083946353,50.91796848584856,0.8285714285714286,34.4,0.11037880074740955,1.787416049226166,0.893708024613083,0.3769322235434007,0.06539833531510107,0.9714285714285714,0.960370629647357,458
797.0,6.680854678790215,6.0,4.0,1.3862943611198906,0.0,0.0,0.0,0.0,0.0,0.0,0.0,0.0,4.0,0.0,1.0,0.005018820577164366,0.00740276035131744,0.016687578419071532,0.03814303638644919,0.1838143036386449,0.1107441668890316,0.0,0.0,0.0,0.0,0.0,0.0,0.0,0.0,0.0,,,,,,,2.580259207782651,0.9981805179234929,0.1944792973651192,0.15432873274780426,,,469
70000.0,11.156250521031495,10.0,784.0,6.664409020350408,0.0,0.0,0.0,0.0,0.0,0.0,0.0,784.0,0.0,1.0,0.0,0.0112,0.005452380952380955,0.006960317460317453,0.020809523809523816,0.0,0.0,28.50269667305832,59.4302976891017,-0.23549660231000855,264.57513110645925,4488.902658554502,13911.186693497517,-1.8254292785720232,70000.00000000004,0.0,33.385964741253645,49.25570412611286,4375.029908264644,0.0,220.4591836734694,0.8085755284256559,3.3198370254034137,0.999370525362314,0.11252857142857142,0.09018571428571429,0.05612244897959184,0.8905002876844432,554
1458.0,7.284820912568604,2.0,37.0,3.6109179126442243,0.0,0.0,0.0,0.0,0.0,0.0,0.0,37.0,0.0,1.0,0.0,0.025377229080932786,0.3779149519890261,0.377914951989026,0.755829903978052,0.0,0.0,6.450282232943047,5.107399869459503,-0.4639306888169766,25.48385197642487,105.0871480075212,149.28719014767884,-1.5109530299949745,771.6332888137742,0.0,583.4640334779226,1837.8290669668515,106280594.70562665,0.21675675675675674,41034.6472972973,0.19037556074593112,0.5353247216329435,0.5353247216329435,0.877914951989026,0.12208504801097393,0.8648648648648649,0.568091910432257,1049
1563.0,7.354362330421477,2.0,37.0,3.6109179126442243,0.0,0.0,0.0,0.0,0.0,0.0,0.0,37.0,0.0,1.0,0.0,0.023672424824056303,0.39763275751759436,0.3976327575175944,0.7952655150351888,0.0,0.0,10.324325597699096,8.283225800024875,-0.5895053004378074,30.488993517150107,238.9540458598084,269.1790961233864,-1.482237026065722,1039.3380068388708,0.0,1008.1458672684201,10334.503124329442,3478069177.6951427,0.29891891891891886,367116.3932432432,0.13300824817139598,0.47645497142532234,0.47645497142532234,0.8976327575175944,0.10236724248240563,0.918918918918919,0.444716183348313,1050
10885.0,9.295140973668648,2.0,21.0,3.044522437723423,0.0001093685062449417,0.00045934772622875517,0.23809523809523808,0.0,0.0,0.23809523809523808,0.0001093685062449417,21.0,0.0,1.0,0.0,0.0019292604501607716,0.3065227377124483,0.3065227377124483,0.6130454754248966,0.0,0.0,15.83647074795047,10.965115630787185,1.920658729292504,46.21215121044672,586.6194695049816,744.1056329965918,3.360052310358097,2765.9879679642027,0.0001093685062449417,1902.7823686449663,21963.75301397999,9012456447.980509,0.23809523809523808,1567411.5785714285,0.16691821423103004,0.7086892115305543,0.7086892115305543,0.8065227377124483,0.1934772622875517,0.9523809523809523,0.31932860137446806,1053
522.0,6.257667587882639,2.0,21.0,3.044522437723423,0.0,0.0,0.0,0.0,0.0,0.0,0.0,21.0,0.0,1.0,0.0,0.040229885057471264,0.2950191570881226,0.29501915708812265,0.5900383141762453,0.0,0.0,8.953093281768096,4.252086526444207,1.0464801419245207,16.788705242312478,130.10843043463294,87.51387014057056,1.9918546982657936,321.2559116074308,0.0,977.893699142492,5875.729587941181,613850878.3687493,0.38095238095238093,111741.90809523809,0.1214194490056559,0.7317786193052257,0.7317786193052257,0.7950191570881227,0.2049808429118774,0.9047619047619048,0.5985821241842396,1063
2109.0,7.653969180478774,2.0,21.0,3.044522437723423,0.0,0.0,0.0,0.0,0.0,0.0,0.0,21.0,0.0,1.0,0.0,0.00995732574679943,0.3454243717401612,0.34542437174016116,0.6908487434803223,0.0,0.0,4.203178136828375,1.96898818584413,1.1407658504141533,8.789034149895588,31.85339193107336,28.53782410618226,1.241395020868305,103.07904520134164,0.0,285.096916615864,915.4550143765099,14549820.294238307,0.23809523809523808,16869.353333333333,0.17042606516290726,0.6211733422333798,0.6211733422333798,0.8454243717401612,0.15457562825983878,0.8571428571428571,0.4677233660923736,1067
1109.0,7.011213987350367,2.0,21.0,3.044522437723423,0.0,0.0,0.0,0.0,0.0,0.0,0.0,21.0,0.0,1.0,0.0,0.018935978358881875,0.43056807935076646,0.43056807935076646,0.8611361587015329,0.0,0.0,8.008505554819523,3.985950938721928,2.1722108126029522,18.550221072780687,116.04528058633072,104.92006824163128,13.73010713874263,410.4883867399555,0.0,1500.9949675812618,8678.609588564534,1391021745.093177,0.3333333333333333,216793.89238095234,0.08948430589548714,0.3638001053192341,0.3638001053192341,0.9305680793507665,0.06943192064923355,1.0,0.38622340576863545,1068
48842.0,10.79634587742716,2.0,14.0,2.6390573296152584,0.009454684785342825,0.07411653904426518,0.21428571428571427,0.375,0.016545698374349944,0.0,0.0,6.0,8.0,0.42857142857142855,0.5714285714285714,0.00028663854878997584,0.26071823430653945,0.2607182343065395,0.521436468613079,0.5808139303142765,0.20347411083430839,3.0638608083339345,4.254039303132121,-0.316524856660742,11.894658996587948,30.359637681235284,55.123107506694204,-0.18426874062387766,152.69309629828723,0.009454684785342825,31819.97476557062,18914.620326608554,1867984255.7359018,2050.6666666666665,265826.6666666667,0.3117774319915919,0.7938438393644256,0.7938438393644256,0.7607182343065395,0.23928176569346055,0.6666666666666666,0.47375984387182624,1590
3751.0,8.229777750081887,2.0,1776.0,7.4821189235521155,0.0,0.0,0.0,0.0,0.0,0.0,0.0,1776.0,0.0,1.0,0.0,0.47347374033591044,0.042255398560383906,0.04225539856038385,0.08451079712076776,0.0,0.0,8.206743925756935,8.507062728355125,-31.460526786879573,61.245407991130264,162.45088247861273,359.28987470025453,-2.0010669511869823,3751.0000000000014,0.0,0.08787999840578174,0.15803081243142927,0.04531984104218668,0.001312820079391892,0.953342438124437,0.8395881218461864,0.994841931879593,0.994841931879593,0.5422553985603839,0.4577446014396161,0.09403153153153153,0.8413521414706798,4134
569.0,6.343880434126331,2.0,30.0,3.4011973816621555,0.0,0.0,0.0,0.0,0.0,0.0,0.0,30.0,0.0,1.0,0.0,0.05272407732864675,0.12741652021089633,0.12741652021089633,0.25483304042179267,0.0,0.0,1.74040662852075,1.2572364612684248,0.4154259962824678,5.447186284898394,7.81473482511026,12.658694541076402,-0.5355351225188589,49.20907650724119,0.0,61.89071233954306,34.904718603211656,15063.218541913287,15.604080399999999,264.18550833333336,0.0045694200351493845,0.9526351224018599,0.9526351224018599,0.6274165202108963,0.37258347978910367,0.9666666666666667,0.8799571923747482,1510
5404.0,8.59489469908009,2.0,5.0,1.6094379124341003,0.0,0.0,0.0,0.0,0.0,0.0,0.0,5.0,0.0,1.0,0.0,0.000925240562546262,0.20651369356032567,0.20651369356032567,0.41302738712065135,0.0,0.0,0.7794652586095059,0.49289466325197434,0.20949485050057035,1.4823930527848386,0.33974898860958386,1.0962144187884015,-0.857283480990918,1.7651174033135275,0.0,-1.2287194670162342e-08,1.0000000046167208,1.000000009233442,-2.7242244,3.551564,0.0,0.8731822577241405,0.8731822577241405,0.7065136935603257,0.2934863064396743,0.8,0.49779389300246885,1489
1055.0,6.961296045910167,2.0,41.0,3.713572066704308,0.0,0.0,0.0,0.0,0.0,0.0,0.0,41.0,0.0,1.0,0.0,0.03886255924170616,0.16255924170616115,0.1625592417061611,0.32511848341232225,0.0,0.0,3.798639220053295,4.734293503155554,-1.7621976606259444,26.845983240149803,44.71323748559392,126.35221190026773,-0.22188039038879914,812.7240263780752,0.0,2.683521574384464,1.5943960155554693,7.936983689426899,0.3683878048780488,16.562963414634147,0.46311409085654837,0.9223486063040569,0.9223486063040569,0.6625592417061611,0.33744075829383885,0.7073170731707317,0.7041822472530486,1494
5456.0,8.604471199523298,4.0,24.0,3.1780538303479458,0.0,0.0,0.0,0.0,0.0,0.0,0.0,24.0,0.0,1.0,0.0,0.004398826979472141,0.12658846529814272,0.10276148582600193,0.3846529814271749,0.0,0.0,1.5222576378064734,1.0631995040465436,0.017563948445031993,3.8301415530944993,2.3688224584697717,4.561996455285258,-1.6045954541833634,14.34959186377473,0.0,2.04579234634653,1.2512399704111543,1.6148359860575532,0.6217916666666666,5.008958333333333,0.0,1.7146327422659768,0.8573163711329884,0.4041422287390029,0.060117302052785926,0.5833333333333334,0.6242383787073096,1497
1593.0,7.373374309910049,10.0,256.0,5.545177444479562,0.0,0.0,0.0,0.0,0.0,0.0,0.0,256.0,0.0,1.0,0.0,0.16070307595731326,0.0014996163772058328,0.0009416195856873828,0.0054404687173048895,0.0,0.0,0.8093820477591864,0.6186683869892854,-0.6138373506227648,4.64659917136922,-0.9633611989432298,1.766987449935403,-2.0009955944217306,19.61550943202316,0.0,0.3286252354048964,0.4553505374478151,0.20925741831016348,0.0,1.0,0.6713747645951036,3.32181948968678,0.9999673065769397,0.1016949152542373,0.0973006905210295,0.0,0.9354641961638435,1501
583.0,6.368187186350492,2.0,10.0,2.302585092994046,0.0,0.0,0.0,0.0,0.0,0.0,0.0,9.0,1.0,0.9,0.1,0.017152658662092625,0.21355060034305318,0.21355060034305318,0.42710120068610635,0.5128644939965694,0.0,3.2908126195510503,3.4367847473413016,-0.28567218643573844,10.54617721691247,30.042076336190917,46.006183236287946,-0.5600656409430136,150.91988364408164,0.0,60.14487102267963,82.43157657369557,19572.605163063636,10.155555555555555,1026.8444444444442,0.0,0.8640904272487622,0.8640904272487622,0.7135506003430532,0.2864493996569468,0.7777777777777778,0.3433639302343039,1480
2600.0,7.8632667240095735,2.0,500.0,6.214608098422191,0.0,0.0,0.0,0.0,0.0,0.0,0.0,500.0,0.0,1.0,0.0,0.19230769230769232,0.0,0.0,0.0,0.0,0.0,0.032949743689852866,0.05457800999878202,-0.11914881996316261,0.17175350207412662,0.08333149342440979,0.19161577068633873,-0.9638894528844539,0.5734776935095098,0.0,488.0610338461538,24.752039667546956,909.886226439755,400.176,577.804,7.692307692307693e-07,1.0,1.0,0.5,0.5,0.97,0.5039281120705731,1485
34465.0,10.447699595319753,2.0,118.0,4.770684624465665,0.0,0.0,0.0,0.0,0.0,0.0,0.0,89.0,29.0,0.7542372881355932,0.2457627118644068,0.003423763238067605,0.21437690410561439,0.21437690410561439,0.42875380821122877,0.6294431632290629,0.21850008376372518,-6.856689216231612,15.989605330176008,-65.61537184944729,1.960270765633189,306.4411177588575,1075.0341594082252,-1.8414569295672603,4303.667763112064,0.0,0.7934464503790689,0.17822321113432804,0.04046019113992384,0.010060865168539325,1.0,0.021068760524029426,0.8629999927875764,0.8629999927875764,0.7143769041056144,0.2856230958943856,0.29213483146067415,0.8221569356677583,1486
2534.0,7.837554360881084,2.0,72.0,4.276666119016055,0.0,0.0,0.0,0.0,0.0,0.0,0.0,72.0,0.0,1.0,0.0,0.028413575374901343,0.43685872138910814,0.4368587213891081,0.8737174427782162,0.0,0.0,0.08595601481421074,1.1199390479939106,-1.308358975387135,7.376460911548501,1.4930547521289843,9.07675684246171,-0.9765331961089494,77.65898710475844,0.0,296.494606499841,7.570160866371554,216.95079783503652,268.71527777777777,316.4888888888889,0.012469306322897483,0.3397904253160801,0.3397904253160801,0.9368587213891081,0.06314127861089187,0.9027777777777778,0.4206856151397,1487
1080.0,6.984716320118266,9.0,856.0,6.752270376141742,0.0,0.0,0.0,0.0,0.0,0.0,0.0,856.0,0.0,1.0,0.0,0.7925925925925926,0.0,0.0,0.0,0.0,0.0,23.16238193688335,9.943146678804792,0.6326488459305634,32.86335345031001,636.4605777891868,422.7120065342904,-1.25941683398173,1080.0000000000016,0.0,0.008213265835929387,0.06570782004442141,0.008251031724950767,0.0,1.147196261682243,0.992176142263759,3.169925001442312,1.0,0.1111111111111111,0.1111111111111111,0.0011682242990654205,0.9952367050471616,1468
6118.0,8.718990524710849,6.0,51.0,3.9318256327243257,0.0,0.0,0.0,0.0,0.0,0.0,0.0,51.0,0.0,1.0,0.0,0.008336057535142204,0.052337365152010464,0.15047401111474337,0.3145472376593658,0.0,0.0,7.440976027873586,11.228097739595086,-1.8757644271104879,53.78484491555244,228.1908672595789,584.2400334240825,-0.971971602375862,2944.652531707902,0.0,-0.0005510331198841106,0.9916438519187989,0.9902509755931393,-1.176286705882353,14.915953921568626,0.0,2.3000070580673455,0.889764187072612,0.41745668519123896,0.07943772474664923,0.8627450980392157,0.4506940724470192,1475
1372.0,7.22402480828583,2.0,4.0,1.3862943611198906,0.0,0.0,0.0,0.0,0.0,0.0,0.0,4.0,0.0,1.0,0.0,0.0029154518950437317,0.055393586005830886,0.055393586005830886,0.11078717201166177,0.0,0.0,-0.11929141888617062,0.7665955220364644,-1.0222430436540921,1.0885685435217802,0.14479469144118573,0.7958921971666904,-0.7515813814324832,1.2704759156365917,0.0,0.6405147434402334,3.780713139220149,16.379406095066525,-8.662374999999999,10.038325,0.0,0.991128125746746,0.991128125746746,0.5553935860058309,0.4446064139941691,0.5,0.9299744356425366,1462
748.0,6.617402977974478,2.0,4.0,1.3862943611198906,0.0,0.0,0.0,0.0,0.0,0.0,0.0,4.0,0.0,1.0,0.0,0.0053475935828877,0.2620320855614973,0.2620320855614974,0.5240641711229947,0.0,0.0,2.2631111929251677,1.0290264380909504,0.7494502906271294,3.2112654741848314,10.224505250350324,6.599244823637284,-0.24563117940243195,15.876151978541806,0.0,356.99498663101605,374.5345494748774,532947.0217505496,63.25,3180.5,0.0016711229946524064,0.7916446298452327,0.7916446298452327,0.7620320855614974,0.23796791443850268,0.75,0.3592441979316588,1464
11055.0,9.310638093291546,2.0,30.0,3.4011973816621555,0.0,0.0,0.0,0.0,0.0,0.0,0.0,0.0,30.0,0.0,1.0,0.0027137042062415195,0.05694255992763453,0.05694255992763453,0.11388511985526906,0.5405894768581335,0.24177923504173957,0.0,0.0,0.0,0.0,0.0,0.0,0.0,0.0,0.0,,,,,,,0.99062392274143,0.99062392274143,0.5569425599276345,0.44305744007236547,,,4534
540.0,6.29156913955832,2.0,37.0,3.6109179126442243,0.05,0.48703703703703705,0.7567567567567568,0.631578947368421,0.04658869395711501,0.8888888888888888,0.05360082304526749,18.0,19.0,0.4864864864864865,0.5135135135135135,0.06851851851851852,0.07777777777777778,0.07777777777777772,0.1555555555555555,0.6762768992817628,0.2548617081907334,1.1927454607436991,2.74854794970515,-1.9488541000809054,11.529524541397823,10.368503105342057,31.1300564891351,-1.7519473536570327,137.57733761922748,0.05,2198.8837376686492,506.9602781474019,4239094.558416739,1297.7547916666667,5086.572777777778,0.10596707818930041,0.9824740868386409,0.9824740868386409,0.5777777777777777,0.4222222222222222,0.8333333333333334,0.3890793922192854,6332
45211.0,10.719095699044251,2.0,16.0,2.772588722239781,0.0,0.0,0.0,0.0,0.0,0.0,0.0,7.0,9.0,0.4375,0.5625,0.00035389617570945125,0.38301519541704454,0.38301519541704454,0.7660303908340891,0.5147087353298231,0.23427733900198452,8.806191925405031,13.728908551697351,0.09307901402122407,41.84645447266293,673.0300915847329,1565.8287126312443,-1.0598973728286007,4506.860660183262,0.0,245.8171083522657,489.5378696495027,1335306.0313752324,-1142.857142857143,15482.857142857143,0.12787975113515357,0.5206312212538164,0.5206312212538164,0.8830151954170445,0.11698480458295547,0.5714285714285714,0.4153596748102075,1461
9873.0,9.19755903761145,5.0,32.0,3.4657359027997265,0.0,0.0,0.0,0.0,0.0,0.0,0.0,32.0,0.0,1.0,0.0,0.0032411627671427123,0.061822647624835414,0.061746682872480495,0.23602248556669705,0.0,0.0,0.9535035837473841,2.269718101107365,-1.8838558879721203,7.171537944883606,47.8223087118052,51.27138254478917,7.60172743206793,193.8979579473792,0.0,0.001309779307676238,0.005340125416350268,4.412121770096067e-05,-0.0405160496875,0.06248516687500001,4.431277220702927e-05,2.193423736133549,0.9446561850744792,0.2987946925959688,0.10108376380026335,1.0,0.47347420362440673,4538
10299.0,9.239802082125802,6.0,561.0,6.329720905522696,0.0,0.0,0.0,0.0,0.0,0.0,0.0,561.0,0.0,1.0,0.0,0.05447130789397029,0.018089134867462848,0.013253713952810964,0.05627730847655114,0.0,0.0,1.6370975866256592,2.282532105772572,-3.4904020922604633,14.029483769965227,13.662956850925571,36.98820960803433,-1.8473533861205715,373.42928228206364,0.0,-0.5086202175851141,0.2792315145321125,0.0966685857201922,-1.0,1.0,0.00013967401435059632,2.5759228762942774,0.9965029959141161,0.1887561899213516,0.13651810855422858,0.9037433155080213,0.9970690455657846,1478
500.0,6.214608098422191,2.0,12.0,2.4849066497880004,0.13916666666666666,0.802,0.75,0.8181818181818182,0.15181818181818182,0.0,0.0,1.0,11.0,0.08333333333333333,0.9166666666666666,0.024,0.08000000000000002,0.07999999999999996,0.15999999999999998,0.608322832237596,0.08710209684978525,-1.1647649580553912,0.0,-1.1647649580553912,-1.1647649580553912,-0.5820891187268202,0.0,-0.5820891187268202,-0.5820891187268202,0.13916666666666666,3.5286,2.0053640592221753,4.02148501002004,0.0,5.0,0.24,0.9814538950336537,0.9814538950336537,0.58,0.42,1.0,0.040846533730329426,23381
5500.0,8.612503371220562,11.0,40.0,3.6888794541139363,0.0,0.0,0.0,0.0,0.0,0.0,0.0,40.0,0.0,1.0,0.0,0.007272727272727273,0.0,0.0,0.0,0.0,0.0,0.2853136375729959,0.9326420587047108,-1.1402409817139205,2.668850679615686,1.198135059339751,3.5176548904521083,-1.080511792253398,11.448611212294123,0.0,-0.6055166227272728,0.2332013017456772,0.057389645649009745,-1.1671,0.40990000000000004,0.00019090909090909092,3.4594316186372978,1.0000000000000002,0.09090909090909091,0.09090909090909091,0.9,0.9896146747412233,40499
67557.0,11.120726964962449,3.0,42.0,3.7376696182833684,0.0,0.0,0.0,0.0,0.0,0.0,0.0,0.0,42.0,0.0,1.0,0.0006216972334473111,0.17840490252675517,0.24372751898396908,0.48745503796793804,0.7247779124083576,0.29602678199939153,0.0,0.0,0.0,0.0,0.0,0.0,0.0,0.0,0.0,,,,,,,1.2184443563726473,0.7687527975067274,0.6583033586452921,0.09546012996432642,,,40668
1080.0,6.984716320118266,8.0,77.0,4.343805421853684,0.016786916786916788,0.4888888888888889,0.6363636363636364,0.0,0.0,0.6363636363636364,0.016786916786916788,77.0,0.0,1.0,0.0,0.0712962962962963,0.015873015873015872,0.00793650793650794,0.03174603174603175,0.0,0.0,0.7856041308218357,1.2460270379206175,-0.8812167378685406,4.738900324275433,4.53957626531183,10.899143032593097,-0.7374629664490864,62.5485058881553,0.016786916786916788,0.6718868120257284,0.15821417818483138,0.07007990822807386,0.2907172818311688,1.405553079168831,0.0,2.993026787316555,0.997675595772185,0.1388888888888889,0.09722222222222222,0.961038961038961,0.9887738511025065,40966
1941.0,7.57095858316901,7.0,27.0,3.295836866004329,0.0,0.0,0.0,0.0,0.0,0.0,0.0,27.0,0.0,1.0,0.0,0.013910355486862442,0.0668040528936974,0.11892495277348444,0.38116091361840965,0.0,0.0,3.741247383978777,8.48246750621855,-0.9285824124769959,39.29315840666641,109.58603680278623,339.67089354859263,-1.8563564132863517,1663.05184757182,0.0,130102.82519640506,150690.09152629809,242991510502.3571,555.4742111111111,1398296.8505666668,0.05524071211861011,2.410690442272441,0.8587052614300601,0.3467284904688305,0.02833590932509016,0.5555555555555556,0.8057553077486906,40982
540.0,6.29156913955832,2.0,18.0,2.8903717578961645,0.0,0.0,0.0,0.0,0.0,0.0,0.0,18.0,0.0,1.0,0.0,0.03333333333333333,0.4148148148148148,0.41481481481481486,0.8296296296296297,0.0,0.0,5.469199016381442e-06,0.000690170837760303,-0.0008327431520984832,0.001274561792414716,-1.2000057830744846,0.0006714087310574803,-1.201386143326139,-1.198660524166195,0.0,0.5000220580606145,0.28894114784624847,0.08348699407130995,0.0013603894167183038,0.9985849035171545,0.0,0.4201910370851765,0.4201910370851765,0.9148148148148149,0.08518518518518518,0.0,0.5272502568629752,40994
4839.0,8.48446336679332,2.0,5.0,1.6094379124341003,0.0,0.0,0.0,0.0,0.0,0.0,0.0,5.0,0.0,1.0,0.0,0.0010332713370531101,0.44606323620582766,0.44606323620582766,0.8921264724116553,0.0,0.0,3.3734293299197673,3.5081855245432423,-0.7507825285801026,7.731518525098035,48.007919021165996,49.614255926716204,-0.015316501844508501,119.73943496687293,0.0,204.9711689027485,61.20547449945023,6532.042199796889,50.857894599999995,1076.1246028,0.00045463938830336847,0.3028903171988337,0.3028903171988337,0.9460632362058277,0.05393676379417235,1.0,0.3908238017311749,40983
1728.0,7.454719949364001,4.0,6.0,1.791759469228055,0.0,0.0,0.0,0.0,0.0,0.0,0.0,0.0,6.0,0.0,1.0,0.003472222222222222,0.1415895061728395,0.3001543209876543,0.6003086419753086,0.0,0.0,0.0,0.0,0.0,0.0,0.0,0.0,0.0,0.0,0.0,,,,,,,1.2057409700121753,0.6028704850060876,0.7002314814814815,0.03761574074074074,,,40975
2310.0,7.745002803515839,7.0,16.0,2.772588722239781,0.0,0.0,0.0,0.0,0.0,0.0,0.0,16.0,0.0,1.0,0.0,0.006926406926406926,0.0,0.0,0.0,0.0,0.0,3.7262322810926385,4.85169929223892,-0.8853608418421648,16.90093525486995,43.45473607415195,94.37802548832354,-0.518650805515624,339.2210942729756,0.0,13.168660605582904,21.90869948273437,867.9851407021506,-6.190261250993412,206.1190640625,0.13747294372294372,2.807354922057604,1.0,0.14285714285714285,0.14285714285714285,0.8125,0.9692253576966268,40984
2000.0,7.600902459542082,10.0,240.0,5.480638923341991,0.0,0.0,0.0,0.0,0.0,0.0,0.0,240.0,0.0,1.0,0.0,0.12,0.0,0.0,0.0,0.0,0.0,-0.03637034304286128,0.9627744257301332,-2.338510612778247,4.30240929394137,-0.827860818739741,1.8653071237552623,-1.9183986446879149,18.116346562001436,0.0,4.026270833333333,2.4461201420314316,6.141880871685843,1.0,6.866666666666666,0.0,3.321928094887362,1.0,0.1,0.1,0.13333333333333333,0.9641135857246569,40979
70000.0,11.156250521031495,10.0,784.0,6.664409020350408,0.0,0.0,0.0,0.0,0.0,0.0,0.0,784.0,0.0,1.0,0.0,0.0112,0.0,0.0,0.0,0.0,0.0,3.6219221106553747,12.715320162596917,-0.8681746554596633,155.91120349859975,199.67314962631806,1645.4276272432437,-1.736521428725607,26177.85274816818,0.0,72.96981142492712,70.07662618918577,5654.501915142402,0.0,252.42091836734693,0.5017434584548105,3.321928094887362,1.0,0.1,0.1,0.11224489795918367,0.9645633552845648,40996
44819.0,10.71038743563792,3.0,6.0,1.791759469228055,0.0,0.0,0.0,0.0,0.0,0.0,0.0,6.0,0.0,1.0,0.0,0.00013387179544389658,0.1774582208438385,0.1359189183158928,0.35491644168767705,0.0,0.0,-0.20974685976941923,0.29663419063625884,-0.6292509535267047,4.447057582978356e-05,-1.3344777899265132,0.07120099574060472,-1.421674193906212,-1.2472680868227963,0.0,3.7195794938158664,2.523533407940241,6.457387885350858,0.0,7.0,0.18919803357207138,1.3491090889091475,0.851193065006462,0.5145585577545237,0.09672237220821527,0.0,0.5395570067218494,41027
96320.0,11.475431260542647,2.0,21.0,3.044522437723423,0.0,0.0,0.0,0.0,0.0,0.0,0.0,21.0,0.0,1.0,0.0,0.00021802325581395349,0.005170265780730876,0.005170265780730876,0.010340531561461752,0.0,0.0,-0.002565864884213933,0.040913807082147514,-0.10028720687527025,0.06818169405217259,-1.2005501277473247,0.0473711335765934,-1.3004674163037935,-1.127356906430217,0.0,0.500974486303292,0.29037948941871355,0.08433963153840197,1.9359191313973577e-05,1.0,7.415757000474609e-06,0.9999228673926668,0.9999228673926668,0.5051702657807309,0.4948297342192691,0.0,0.057855473390939674,23517
92000.0,11.429543856031177,46.0,1024.0,6.931471805599453,0.0,0.0,0.0,0.0,0.0,0.0,0.0,1024.0,0.0,1.0,0.0,0.011130434782608696,0.0,0.0,0.0,0.0,0.0,0.7113835651738887,0.791881926669403,-0.6101155606061641,5.207717655054077,-0.20773289249966598,2.3633630839425854,-1.839789554585314,27.701708786296997,0.0,61.25059867527173,77.05396737055419,7897.649688951165,0.0,195.234375,0.6015295728600544,5.523561956057012,0.9999999999999999,0.021739130434782608,0.021739130434782608,0.1279296875,0.8304875793335197,40923
60000.0,11.002099841204238,10.0,3072.0,8.030084094267563,0.0,0.0,0.0,0.0,0.0,0.0,0.0,3072.0,0.0,1.0,0.0,0.0512,0.0,0.0,0.0,0.0,0.0,0.2019048512685945,0.15188143873451665,-0.07885944658291014,0.552281118685564,-0.7583784658177137,0.18932419812424303,-1.3247857118005912,-0.39169930621491744,0.0,120.84449672851561,63.29020189056245,4028.143681750698,0.0,255.0,0.0024078993055555555,3.321928094887362,1.0,0.1,0.1,0.0,0.6804423638053877,40927
3279.0,8.095293776844649,2.0,1558.0,7.351158226430694,0.0,0.0,0.0,0.0,0.0,0.0,0.0,3.0,1555.0,0.0019255455712451862,0.9980744544287549,0.4751448612381824,0.36001829826166515,0.3600182982616651,0.7200365965233302,0.9842587880196398,0.031395410555447055,3.862700869296623,2.596619170296242,1.7146789220041931,7.516081525401606,29.142023258527658,31.842153051883084,2.6248214548128708,73.92065862808701,0.0,53.958871149740766,63.616903947376876,6700.051493276922,0.0,446.6666666666667,0.2758971231066382,0.5841908881393563,0.5841908881393563,0.8600182982616651,0.13998170173833485,1.0,0.5808292802350358,40978
3186.0,8.066521490469993,3.0,180.0,5.19295685089021,0.0,0.0,0.0,0.0,0.0,0.0,0.0,0.0,180.0,0.0,1.0,0.05649717514124294,0.0699152542372881,0.13935969868173256,0.2787193973634651,0.4963590709353421,0.0938963005201216,0.0,0.0,0.0,0.0,0.0,0.0,0.0,0.0,0.0,,,,,,,1.4797951605545787,0.9336467959849357,0.5191462649089768,0.2401129943502825,,,40670
5000.0,8.517193191416238,2.0,20.0,2.995732273553991,0.0,0.0,0.0,0.0,0.0,0.0,0.0,16.0,4.0,0.8,0.2,0.004,0.35860000000000003,0.35860000000000003,0.7172000000000001,0.5270250000000001,0.2024006716268501,0.1395287334036856,0.46612204911150706,-0.21028611467847302,1.360692479402265,0.184769793956574,0.9346575634045292,-1.2,3.2681836469480894,0.0,224.32242362499997,109.24068657540884,130940.49659485019,0.0625,444.8775,0.0479375,0.5878935751446988,0.5878935751446988,0.8586,0.1414,0.875,0.268386005994546,40701
